<annotation>
  <filename>10464445726_6f1e3bbe6a_k.jpg</filename>
  <folder></folder>
  <source>
    <sourceImage></sourceImage>
    <sourceAnnotation>Datumaro</sourceAnnotation>
  </source>
  <imagesize>
    <nrows>2019</nrows>
    <ncols>2048</ncols>
  </imagesize>
  <object>
    <name>balloon</name>
    <deleted>0</deleted>
    <verified>0</verified>
    <occluded>no</occluded>
    <date></date>
    <id>0</id>
    <parts>
      <hasparts></hasparts>
      <ispartof></ispartof>
    </parts>
    <type>bounding_box</type>
    <polygon>
      <pt>
        <x>143.66</x>
        <y>836.24</y>
      </pt>
      <pt>
        <x>987.97</x>
        <y>836.24</y>
      </pt>
      <pt>
        <x>987.97</x>
        <y>1925.27</y>
      </pt>
      <pt>
        <x>143.66</x>
        <y>1925.27</y>
      </pt>
      <username></username>
    </polygon>
    <attributes>rotation=0.0</attributes>
  </object>
  <object>
    <name>balloon</name>
    <deleted>0</deleted>
    <verified>0</verified>
    <occluded>no</occluded>
    <date></date>
    <id>1</id>
    <parts>
      <hasparts></hasparts>
      <ispartof></ispartof>
    </parts>
    <type>bounding_box</type>
    <polygon>
      <pt>
        <x>478.12</x>
        <y>314.15</y>
      </pt>
      <pt>
        <x>1200.07</x>
        <y>314.15</y>
      </pt>
      <pt>
        <x>1200.07</x>
        <y>1076.89</y>
      </pt>
      <pt>
        <x>478.12</x>
        <y>1076.89</y>
      </pt>
      <username></username>
    </polygon>
    <attributes>rotation=0.0</attributes>
  </object>
  <object>
    <name>balloon</name>
    <deleted>0</deleted>
    <verified>0</verified>
    <occluded>no</occluded>
    <date></date>
    <id>2</id>
    <parts>
      <hasparts></hasparts>
      <ispartof></ispartof>
    </parts>
    <type>bounding_box</type>
    <polygon>
      <pt>
        <x>1167.44</x>
        <y>97.98</y>
      </pt>
      <pt>
        <x>1885.30</x>
        <y>97.98</y>
      </pt>
      <pt>
        <x>1885.30</x>
        <y>795.45</y>
      </pt>
      <pt>
        <x>1167.44</x>
        <y>795.45</y>
      </pt>
      <username></username>
    </polygon>
    <attributes>rotation=0.0</attributes>
  </object>
  <object>
    <name>balloon</name>
    <deleted>0</deleted>
    <verified>0</verified>
    <occluded>no</occluded>
    <date></date>
    <id>3</id>
    <parts>
      <hasparts></hasparts>
      <ispartof></ispartof>
    </parts>
    <type>bounding_box</type>
    <polygon>
      <pt>
        <x>963.50</x>
        <y>603.75</y>
      </pt>
      <pt>
        <x>1791.49</x>
        <y>603.75</y>
      </pt>
      <pt>
        <x>1791.49</x>
        <y>1585.92</y>
      </pt>
      <pt>
        <x>963.50</x>
        <y>1585.92</y>
      </pt>
      <username></username>
    </polygon>
    <attributes>rotation=0.0</attributes>
  </object>
</annotation>
