<annotation>
  <filename>12037308314_e16fb3a0f7_k.jpg</filename>
  <folder></folder>
  <source>
    <sourceImage></sourceImage>
    <sourceAnnotation>Datumaro</sourceAnnotation>
  </source>
  <imagesize>
    <nrows>1625</nrows>
    <ncols>2048</ncols>
  </imagesize>
  <object>
    <name>balloon</name>
    <deleted>0</deleted>
    <verified>0</verified>
    <occluded>no</occluded>
    <date></date>
    <id>0</id>
    <parts>
      <hasparts></hasparts>
      <ispartof></ispartof>
    </parts>
    <type>bounding_box</type>
    <polygon>
      <pt>
        <x>1349.40</x>
        <y>0.00</y>
      </pt>
      <pt>
        <x>1921.18</x>
        <y>0.00</y>
      </pt>
      <pt>
        <x>1921.18</x>
        <y>641.15</y>
      </pt>
      <pt>
        <x>1349.40</x>
        <y>641.15</y>
      </pt>
      <username></username>
    </polygon>
    <attributes>rotation=0.0</attributes>
  </object>
  <object>
    <name>balloon</name>
    <deleted>0</deleted>
    <verified>0</verified>
    <occluded>no</occluded>
    <date></date>
    <id>1</id>
    <parts>
      <hasparts></hasparts>
      <ispartof></ispartof>
    </parts>
    <type>bounding_box</type>
    <polygon>
      <pt>
        <x>1401.40</x>
        <y>570.02</y>
      </pt>
      <pt>
        <x>1995.04</x>
        <y>570.02</y>
      </pt>
      <pt>
        <x>1995.04</x>
        <y>1166.40</y>
      </pt>
      <pt>
        <x>1401.40</x>
        <y>1166.40</y>
      </pt>
      <username></username>
    </polygon>
    <attributes>rotation=0.0</attributes>
  </object>
</annotation>
