<annotation>
  <filename>120853323_d4788431b9_b.jpg</filename>
  <folder></folder>
  <source>
    <sourceImage></sourceImage>
    <sourceAnnotation>Datumaro</sourceAnnotation>
  </source>
  <imagesize>
    <nrows>679</nrows>
    <ncols>1024</ncols>
  </imagesize>
  <object>
    <name>balloon</name>
    <deleted>0</deleted>
    <verified>0</verified>
    <occluded>no</occluded>
    <date></date>
    <id>0</id>
    <parts>
      <hasparts></hasparts>
      <ispartof></ispartof>
    </parts>
    <type>bounding_box</type>
    <polygon>
      <pt>
        <x>73.08</x>
        <y>489.74</y>
      </pt>
      <pt>
        <x>175.96</x>
        <y>489.74</y>
      </pt>
      <pt>
        <x>175.96</x>
        <y>620.05</y>
      </pt>
      <pt>
        <x>73.08</x>
        <y>620.05</y>
      </pt>
      <username></username>
    </polygon>
    <attributes>rotation=0.0</attributes>
  </object>
  <object>
    <name>balloon</name>
    <deleted>0</deleted>
    <verified>0</verified>
    <occluded>no</occluded>
    <date></date>
    <id>1</id>
    <parts>
      <hasparts></hasparts>
      <ispartof></ispartof>
    </parts>
    <type>bounding_box</type>
    <polygon>
      <pt>
        <x>115.38</x>
        <y>477.17</y>
      </pt>
      <pt>
        <x>258.26</x>
        <y>477.17</y>
      </pt>
      <pt>
        <x>258.26</x>
        <y>592.60</y>
      </pt>
      <pt>
        <x>115.38</x>
        <y>592.60</y>
      </pt>
      <username></username>
    </polygon>
    <attributes>rotation=0.0</attributes>
  </object>
  <object>
    <name>balloon</name>
    <deleted>0</deleted>
    <verified>0</verified>
    <occluded>no</occluded>
    <date></date>
    <id>2</id>
    <parts>
      <hasparts></hasparts>
      <ispartof></ispartof>
    </parts>
    <type>bounding_box</type>
    <polygon>
      <pt>
        <x>109.66</x>
        <y>321.70</y>
      </pt>
      <pt>
        <x>283.41</x>
        <y>321.70</y>
      </pt>
      <pt>
        <x>283.41</x>
        <y>495.46</y>
      </pt>
      <pt>
        <x>109.66</x>
        <y>495.46</y>
      </pt>
      <username></username>
    </polygon>
    <attributes>rotation=0.0</attributes>
  </object>
  <object>
    <name>balloon</name>
    <deleted>0</deleted>
    <verified>0</verified>
    <occluded>no</occluded>
    <date></date>
    <id>3</id>
    <parts>
      <hasparts></hasparts>
      <ispartof></ispartof>
    </parts>
    <type>bounding_box</type>
    <polygon>
      <pt>
        <x>251.40</x>
        <y>416.58</y>
      </pt>
      <pt>
        <x>411.44</x>
        <y>416.58</y>
      </pt>
      <pt>
        <x>411.44</x>
        <y>578.90</y>
      </pt>
      <pt>
        <x>251.40</x>
        <y>578.90</y>
      </pt>
      <username></username>
    </polygon>
    <attributes>rotation=0.0</attributes>
  </object>
  <object>
    <name>balloon</name>
    <deleted>0</deleted>
    <verified>0</verified>
    <occluded>no</occluded>
    <date></date>
    <id>4</id>
    <parts>
      <hasparts></hasparts>
      <ispartof></ispartof>
    </parts>
    <type>bounding_box</type>
    <polygon>
      <pt>
        <x>389.60</x>
        <y>435.90</y>
      </pt>
      <pt>
        <x>585.19</x>
        <y>435.90</y>
      </pt>
      <pt>
        <x>585.19</x>
        <y>600.62</y>
      </pt>
      <pt>
        <x>389.60</x>
        <y>600.62</y>
      </pt>
      <username></username>
    </polygon>
    <attributes>rotation=0.0</attributes>
  </object>
  <object>
    <name>balloon</name>
    <deleted>0</deleted>
    <verified>0</verified>
    <occluded>no</occluded>
    <date></date>
    <id>5</id>
    <parts>
      <hasparts></hasparts>
      <ispartof></ispartof>
    </parts>
    <type>bounding_box</type>
    <polygon>
      <pt>
        <x>693.78</x>
        <y>589.19</y>
      </pt>
      <pt>
        <x>910.97</x>
        <y>589.19</y>
      </pt>
      <pt>
        <x>910.97</x>
        <y>678.35</y>
      </pt>
      <pt>
        <x>693.78</x>
        <y>678.35</y>
      </pt>
      <username></username>
    </polygon>
    <attributes>rotation=0.0</attributes>
  </object>
  <object>
    <name>balloon</name>
    <deleted>0</deleted>
    <verified>0</verified>
    <occluded>no</occluded>
    <date></date>
    <id>6</id>
    <parts>
      <hasparts></hasparts>
      <ispartof></ispartof>
    </parts>
    <type>bounding_box</type>
    <polygon>
      <pt>
        <x>729.22</x>
        <y>517.17</y>
      </pt>
      <pt>
        <x>913.26</x>
        <y>517.17</y>
      </pt>
      <pt>
        <x>913.26</x>
        <y>650.92</y>
      </pt>
      <pt>
        <x>729.22</x>
        <y>650.92</y>
      </pt>
      <username></username>
    </polygon>
    <attributes>rotation=0.0</attributes>
  </object>
  <object>
    <name>balloon</name>
    <deleted>0</deleted>
    <verified>0</verified>
    <occluded>no</occluded>
    <date></date>
    <id>7</id>
    <parts>
      <hasparts></hasparts>
      <ispartof></ispartof>
    </parts>
    <type>bounding_box</type>
    <polygon>
      <pt>
        <x>736.08</x>
        <y>409.72</y>
      </pt>
      <pt>
        <x>914.40</x>
        <y>409.72</y>
      </pt>
      <pt>
        <x>914.40</x>
        <y>546.89</y>
      </pt>
      <pt>
        <x>736.08</x>
        <y>546.89</y>
      </pt>
      <username></username>
    </polygon>
    <attributes>rotation=0.0</attributes>
  </object>
  <object>
    <name>balloon</name>
    <deleted>0</deleted>
    <verified>0</verified>
    <occluded>no</occluded>
    <date></date>
    <id>8</id>
    <parts>
      <hasparts></hasparts>
      <ispartof></ispartof>
    </parts>
    <type>bounding_box</type>
    <polygon>
      <pt>
        <x>598.91</x>
        <y>215.40</y>
      </pt>
      <pt>
        <x>773.80</x>
        <y>215.40</y>
      </pt>
      <pt>
        <x>773.80</x>
        <y>429.16</y>
      </pt>
      <pt>
        <x>598.91</x>
        <y>429.16</y>
      </pt>
      <username></username>
    </polygon>
    <attributes>rotation=0.0</attributes>
  </object>
  <object>
    <name>balloon</name>
    <deleted>0</deleted>
    <verified>0</verified>
    <occluded>no</occluded>
    <date></date>
    <id>9</id>
    <parts>
      <hasparts></hasparts>
      <ispartof></ispartof>
    </parts>
    <type>bounding_box</type>
    <polygon>
      <pt>
        <x>806.95</x>
        <y>266.84</y>
      </pt>
      <pt>
        <x>978.41</x>
        <y>266.84</y>
      </pt>
      <pt>
        <x>978.41</x>
        <y>450.87</y>
      </pt>
      <pt>
        <x>806.95</x>
        <y>450.87</y>
      </pt>
      <username></username>
    </polygon>
    <attributes>rotation=0.0</attributes>
  </object>
  <object>
    <name>balloon</name>
    <deleted>0</deleted>
    <verified>0</verified>
    <occluded>no</occluded>
    <date></date>
    <id>10</id>
    <parts>
      <hasparts></hasparts>
      <ispartof></ispartof>
    </parts>
    <type>bounding_box</type>
    <polygon>
      <pt>
        <x>740.65</x>
        <y>66.79</y>
      </pt>
      <pt>
        <x>963.55</x>
        <y>66.79</y>
      </pt>
      <pt>
        <x>963.55</x>
        <y>297.70</y>
      </pt>
      <pt>
        <x>740.65</x>
        <y>297.70</y>
      </pt>
      <username></username>
    </polygon>
    <attributes>rotation=0.0</attributes>
  </object>
  <object>
    <name>balloon</name>
    <deleted>0</deleted>
    <verified>0</verified>
    <occluded>no</occluded>
    <date></date>
    <id>11</id>
    <parts>
      <hasparts></hasparts>
      <ispartof></ispartof>
    </parts>
    <type>bounding_box</type>
    <polygon>
      <pt>
        <x>723.50</x>
        <y>3.92</y>
      </pt>
      <pt>
        <x>912.11</x>
        <y>3.92</y>
      </pt>
      <pt>
        <x>912.11</x>
        <y>130.81</y>
      </pt>
      <pt>
        <x>723.50</x>
        <y>130.81</y>
      </pt>
      <username></username>
    </polygon>
    <attributes>rotation=0.0</attributes>
  </object>
  <object>
    <name>balloon</name>
    <deleted>0</deleted>
    <verified>0</verified>
    <occluded>no</occluded>
    <date></date>
    <id>12</id>
    <parts>
      <hasparts></hasparts>
      <ispartof></ispartof>
    </parts>
    <type>bounding_box</type>
    <polygon>
      <pt>
        <x>571.36</x>
        <y>0.00</y>
      </pt>
      <pt>
        <x>726.93</x>
        <y>0.00</y>
      </pt>
      <pt>
        <x>726.93</x>
        <y>167.39</y>
      </pt>
      <pt>
        <x>571.36</x>
        <y>167.39</y>
      </pt>
      <username></username>
    </polygon>
    <attributes>rotation=0.0</attributes>
  </object>
  <object>
    <name>balloon</name>
    <deleted>0</deleted>
    <verified>0</verified>
    <occluded>no</occluded>
    <date></date>
    <id>13</id>
    <parts>
      <hasparts></hasparts>
      <ispartof></ispartof>
    </parts>
    <type>bounding_box</type>
    <polygon>
      <pt>
        <x>355.43</x>
        <y>1.64</y>
      </pt>
      <pt>
        <x>507.46</x>
        <y>1.64</y>
      </pt>
      <pt>
        <x>507.46</x>
        <y>141.09</y>
      </pt>
      <pt>
        <x>355.43</x>
        <y>141.09</y>
      </pt>
      <username></username>
    </polygon>
    <attributes>rotation=0.0</attributes>
  </object>
  <object>
    <name>balloon</name>
    <deleted>0</deleted>
    <verified>0</verified>
    <occluded>no</occluded>
    <date></date>
    <id>14</id>
    <parts>
      <hasparts></hasparts>
      <ispartof></ispartof>
    </parts>
    <type>bounding_box</type>
    <polygon>
      <pt>
        <x>329.02</x>
        <y>116.98</y>
      </pt>
      <pt>
        <x>451.45</x>
        <y>116.98</y>
      </pt>
      <pt>
        <x>451.45</x>
        <y>245.12</y>
      </pt>
      <pt>
        <x>329.02</x>
        <y>245.12</y>
      </pt>
      <username></username>
    </polygon>
    <attributes>rotation=0.0</attributes>
  </object>
  <object>
    <name>balloon</name>
    <deleted>0</deleted>
    <verified>0</verified>
    <occluded>no</occluded>
    <date></date>
    <id>15</id>
    <parts>
      <hasparts></hasparts>
      <ispartof></ispartof>
    </parts>
    <type>bounding_box</type>
    <polygon>
      <pt>
        <x>177.10</x>
        <y>2.78</y>
      </pt>
      <pt>
        <x>310.84</x>
        <y>2.78</y>
      </pt>
      <pt>
        <x>310.84</x>
        <y>105.66</y>
      </pt>
      <pt>
        <x>177.10</x>
        <y>105.66</y>
      </pt>
      <username></username>
    </polygon>
    <attributes>rotation=0.0</attributes>
  </object>
  <object>
    <name>balloon</name>
    <deleted>0</deleted>
    <verified>0</verified>
    <occluded>no</occluded>
    <date></date>
    <id>16</id>
    <parts>
      <hasparts></hasparts>
      <ispartof></ispartof>
    </parts>
    <type>bounding_box</type>
    <polygon>
      <pt>
        <x>228.54</x>
        <y>55.36</y>
      </pt>
      <pt>
        <x>369.14</x>
        <y>55.36</y>
      </pt>
      <pt>
        <x>369.14</x>
        <y>223.40</y>
      </pt>
      <pt>
        <x>228.54</x>
        <y>223.40</y>
      </pt>
      <username></username>
    </polygon>
    <attributes>rotation=0.0</attributes>
  </object>
  <object>
    <name>balloon</name>
    <deleted>0</deleted>
    <verified>0</verified>
    <occluded>no</occluded>
    <date></date>
    <id>17</id>
    <parts>
      <hasparts></hasparts>
      <ispartof></ispartof>
    </parts>
    <type>bounding_box</type>
    <polygon>
      <pt>
        <x>157.67</x>
        <y>248.55</y>
      </pt>
      <pt>
        <x>325.71</x>
        <y>248.55</y>
      </pt>
      <pt>
        <x>325.71</x>
        <y>376.57</y>
      </pt>
      <pt>
        <x>157.67</x>
        <y>376.57</y>
      </pt>
      <username></username>
    </polygon>
    <attributes>rotation=0.0</attributes>
  </object>
  <object>
    <name>balloon</name>
    <deleted>0</deleted>
    <verified>0</verified>
    <occluded>no</occluded>
    <date></date>
    <id>18</id>
    <parts>
      <hasparts></hasparts>
      <ispartof></ispartof>
    </parts>
    <type>bounding_box</type>
    <polygon>
      <pt>
        <x>68.51</x>
        <y>77.08</y>
      </pt>
      <pt>
        <x>238.83</x>
        <y>77.08</y>
      </pt>
      <pt>
        <x>238.83</x>
        <y>270.26</y>
      </pt>
      <pt>
        <x>68.51</x>
        <y>270.26</y>
      </pt>
      <username></username>
    </polygon>
    <attributes>rotation=0.0</attributes>
  </object>
  <object>
    <name>balloon</name>
    <deleted>0</deleted>
    <verified>0</verified>
    <occluded>no</occluded>
    <date></date>
    <id>19</id>
    <parts>
      <hasparts></hasparts>
      <ispartof></ispartof>
    </parts>
    <type>bounding_box</type>
    <polygon>
      <pt>
        <x>1.07</x>
        <y>185.68</y>
      </pt>
      <pt>
        <x>142.81</x>
        <y>185.68</y>
      </pt>
      <pt>
        <x>142.81</x>
        <y>392.58</y>
      </pt>
      <pt>
        <x>1.07</x>
        <y>392.58</y>
      </pt>
      <username></username>
    </polygon>
    <attributes>rotation=0.0</attributes>
  </object>
</annotation>
