<annotation>
  <filename>12288355124_5e340d3de3_k.jpg</filename>
  <folder></folder>
  <source>
    <sourceImage></sourceImage>
    <sourceAnnotation>Datumaro</sourceAnnotation>
  </source>
  <imagesize>
    <nrows>1536</nrows>
    <ncols>2048</ncols>
  </imagesize>
  <object>
    <name>balloon</name>
    <deleted>0</deleted>
    <verified>0</verified>
    <occluded>no</occluded>
    <date></date>
    <id>0</id>
    <parts>
      <hasparts></hasparts>
      <ispartof></ispartof>
    </parts>
    <type>bounding_box</type>
    <polygon>
      <pt>
        <x>951.59</x>
        <y>505.27</y>
      </pt>
      <pt>
        <x>1098.98</x>
        <y>505.27</y>
      </pt>
      <pt>
        <x>1098.98</x>
        <y>688.86</y>
      </pt>
      <pt>
        <x>951.59</x>
        <y>688.86</y>
      </pt>
      <username></username>
    </polygon>
    <attributes>rotation=0.0</attributes>
  </object>
  <object>
    <name>balloon</name>
    <deleted>0</deleted>
    <verified>0</verified>
    <occluded>no</occluded>
    <date></date>
    <id>1</id>
    <parts>
      <hasparts></hasparts>
      <ispartof></ispartof>
    </parts>
    <type>bounding_box</type>
    <polygon>
      <pt>
        <x>1073.12</x>
        <y>492.34</y>
      </pt>
      <pt>
        <x>1220.52</x>
        <y>492.34</y>
      </pt>
      <pt>
        <x>1220.52</x>
        <y>665.59</y>
      </pt>
      <pt>
        <x>1073.12</x>
        <y>665.59</y>
      </pt>
      <username></username>
    </polygon>
    <attributes>rotation=0.0</attributes>
  </object>
</annotation>
