<annotation>
  <filename>12288446656_2c6a90e6f5_k.jpg</filename>
  <folder></folder>
  <source>
    <sourceImage></sourceImage>
    <sourceAnnotation>Datumaro</sourceAnnotation>
  </source>
  <imagesize>
    <nrows>1835</nrows>
    <ncols>2048</ncols>
  </imagesize>
  <object>
    <name>balloon</name>
    <deleted>0</deleted>
    <verified>0</verified>
    <occluded>no</occluded>
    <date></date>
    <id>0</id>
    <parts>
      <hasparts></hasparts>
      <ispartof></ispartof>
    </parts>
    <type>bounding_box</type>
    <polygon>
      <pt>
        <x>23.13</x>
        <y>137.12</y>
      </pt>
      <pt>
        <x>1033.31</x>
        <y>137.12</y>
      </pt>
      <pt>
        <x>1033.31</x>
        <y>1060.80</y>
      </pt>
      <pt>
        <x>23.13</x>
        <y>1060.80</y>
      </pt>
      <username></username>
    </polygon>
    <attributes>rotation=0.0</attributes>
  </object>
</annotation>
