<annotation>
  <filename>1297451346_5b92bdac08_b.jpg</filename>
  <folder></folder>
  <source>
    <sourceImage></sourceImage>
    <sourceAnnotation>Datumaro</sourceAnnotation>
  </source>
  <imagesize>
    <nrows>1024</nrows>
    <ncols>768</ncols>
  </imagesize>
  <object>
    <name>balloon</name>
    <deleted>0</deleted>
    <verified>0</verified>
    <occluded>no</occluded>
    <date></date>
    <id>0</id>
    <parts>
      <hasparts></hasparts>
      <ispartof></ispartof>
    </parts>
    <type>bounding_box</type>
    <polygon>
      <pt>
        <x>470.27</x>
        <y>355.81</y>
      </pt>
      <pt>
        <x>670.25</x>
        <y>355.81</y>
      </pt>
      <pt>
        <x>670.25</x>
        <y>633.35</y>
      </pt>
      <pt>
        <x>470.27</x>
        <y>633.35</y>
      </pt>
      <username></username>
    </polygon>
    <attributes>rotation=0.0</attributes>
  </object>
  <object>
    <name>balloon</name>
    <deleted>0</deleted>
    <verified>0</verified>
    <occluded>no</occluded>
    <date></date>
    <id>1</id>
    <parts>
      <hasparts></hasparts>
      <ispartof></ispartof>
    </parts>
    <type>bounding_box</type>
    <polygon>
      <pt>
        <x>322.00</x>
        <y>457.52</y>
      </pt>
      <pt>
        <x>501.30</x>
        <y>457.52</y>
      </pt>
      <pt>
        <x>501.30</x>
        <y>685.07</y>
      </pt>
      <pt>
        <x>322.00</x>
        <y>685.07</y>
      </pt>
      <username></username>
    </polygon>
    <attributes>rotation=0.0</attributes>
  </object>
  <object>
    <name>balloon</name>
    <deleted>0</deleted>
    <verified>0</verified>
    <occluded>no</occluded>
    <date></date>
    <id>2</id>
    <parts>
      <hasparts></hasparts>
      <ispartof></ispartof>
    </parts>
    <type>bounding_box</type>
    <polygon>
      <pt>
        <x>218.58</x>
        <y>564.40</y>
      </pt>
      <pt>
        <x>384.08</x>
        <y>564.40</y>
      </pt>
      <pt>
        <x>384.08</x>
        <y>735.07</y>
      </pt>
      <pt>
        <x>218.58</x>
        <y>735.07</y>
      </pt>
      <username></username>
    </polygon>
    <attributes>rotation=0.0</attributes>
  </object>
  <object>
    <name>balloon</name>
    <deleted>0</deleted>
    <verified>0</verified>
    <occluded>no</occluded>
    <date></date>
    <id>3</id>
    <parts>
      <hasparts></hasparts>
      <ispartof></ispartof>
    </parts>
    <type>bounding_box</type>
    <polygon>
      <pt>
        <x>206.52</x>
        <y>714.38</y>
      </pt>
      <pt>
        <x>401.32</x>
        <y>714.38</y>
      </pt>
      <pt>
        <x>401.32</x>
        <y>940.21</y>
      </pt>
      <pt>
        <x>206.52</x>
        <y>940.21</y>
      </pt>
      <username></username>
    </polygon>
    <attributes>rotation=0.0</attributes>
  </object>
</annotation>
