<annotation>
  <filename>145053828_e0e748717c_b.jpg</filename>
  <folder></folder>
  <source>
    <sourceImage></sourceImage>
    <sourceAnnotation>Datumaro</sourceAnnotation>
  </source>
  <imagesize>
    <nrows>768</nrows>
    <ncols>1024</ncols>
  </imagesize>
  <object>
    <name>balloon</name>
    <deleted>0</deleted>
    <verified>0</verified>
    <occluded>no</occluded>
    <date></date>
    <id>0</id>
    <parts>
      <hasparts></hasparts>
      <ispartof></ispartof>
    </parts>
    <type>bounding_box</type>
    <polygon>
      <pt>
        <x>482.25</x>
        <y>203.50</y>
      </pt>
      <pt>
        <x>593.45</x>
        <y>203.50</y>
      </pt>
      <pt>
        <x>593.45</x>
        <y>308.23</y>
      </pt>
      <pt>
        <x>482.25</x>
        <y>308.23</y>
      </pt>
      <username></username>
    </polygon>
    <attributes>rotation=0.0</attributes>
  </object>
  <object>
    <name>balloon</name>
    <deleted>0</deleted>
    <verified>0</verified>
    <occluded>no</occluded>
    <date></date>
    <id>1</id>
    <parts>
      <hasparts></hasparts>
      <ispartof></ispartof>
    </parts>
    <type>bounding_box</type>
    <polygon>
      <pt>
        <x>442.17</x>
        <y>252.63</y>
      </pt>
      <pt>
        <x>552.07</x>
        <y>252.63</y>
      </pt>
      <pt>
        <x>552.07</x>
        <y>357.36</y>
      </pt>
      <pt>
        <x>442.17</x>
        <y>357.36</y>
      </pt>
      <username></username>
    </polygon>
    <attributes>rotation=0.0</attributes>
  </object>
  <object>
    <name>balloon</name>
    <deleted>0</deleted>
    <verified>0</verified>
    <occluded>no</occluded>
    <date></date>
    <id>2</id>
    <parts>
      <hasparts></hasparts>
      <ispartof></ispartof>
    </parts>
    <type>bounding_box</type>
    <polygon>
      <pt>
        <x>368.48</x>
        <y>155.66</y>
      </pt>
      <pt>
        <x>480.96</x>
        <y>155.66</y>
      </pt>
      <pt>
        <x>480.96</x>
        <y>277.20</y>
      </pt>
      <pt>
        <x>368.48</x>
        <y>277.20</y>
      </pt>
      <username></username>
    </polygon>
    <attributes>rotation=0.0</attributes>
  </object>
  <object>
    <name>balloon</name>
    <deleted>0</deleted>
    <verified>0</verified>
    <occluded>no</occluded>
    <date></date>
    <id>3</id>
    <parts>
      <hasparts></hasparts>
      <ispartof></ispartof>
    </parts>
    <type>bounding_box</type>
    <polygon>
      <pt>
        <x>411.14</x>
        <y>330.21</y>
      </pt>
      <pt>
        <x>482.25</x>
        <y>330.21</y>
      </pt>
      <pt>
        <x>482.25</x>
        <y>423.30</y>
      </pt>
      <pt>
        <x>411.14</x>
        <y>423.30</y>
      </pt>
      <username></username>
    </polygon>
    <attributes>rotation=0.0</attributes>
  </object>
  <object>
    <name>balloon</name>
    <deleted>0</deleted>
    <verified>0</verified>
    <occluded>no</occluded>
    <date></date>
    <id>4</id>
    <parts>
      <hasparts></hasparts>
      <ispartof></ispartof>
    </parts>
    <type>bounding_box</type>
    <polygon>
      <pt>
        <x>352.96</x>
        <y>273.32</y>
      </pt>
      <pt>
        <x>444.76</x>
        <y>273.32</y>
      </pt>
      <pt>
        <x>444.76</x>
        <y>383.22</y>
      </pt>
      <pt>
        <x>352.96</x>
        <y>383.22</y>
      </pt>
      <username></username>
    </polygon>
    <attributes>rotation=0.0</attributes>
  </object>
  <object>
    <name>balloon</name>
    <deleted>0</deleted>
    <verified>0</verified>
    <occluded>no</occluded>
    <date></date>
    <id>5</id>
    <parts>
      <hasparts></hasparts>
      <ispartof></ispartof>
    </parts>
    <type>bounding_box</type>
    <polygon>
      <pt>
        <x>284.44</x>
        <y>313.40</y>
      </pt>
      <pt>
        <x>413.73</x>
        <y>313.40</y>
      </pt>
      <pt>
        <x>413.73</x>
        <y>451.74</y>
      </pt>
      <pt>
        <x>284.44</x>
        <y>451.74</y>
      </pt>
      <username></username>
    </polygon>
    <attributes>rotation=0.0</attributes>
  </object>
  <object>
    <name>balloon</name>
    <deleted>0</deleted>
    <verified>0</verified>
    <occluded>no</occluded>
    <date></date>
    <id>6</id>
    <parts>
      <hasparts></hasparts>
      <ispartof></ispartof>
    </parts>
    <type>bounding_box</type>
    <polygon>
      <pt>
        <x>147.39</x>
        <y>262.97</y>
      </pt>
      <pt>
        <x>289.61</x>
        <y>262.97</y>
      </pt>
      <pt>
        <x>289.61</x>
        <y>365.11</y>
      </pt>
      <pt>
        <x>147.39</x>
        <y>365.11</y>
      </pt>
      <username></username>
    </polygon>
    <attributes>rotation=0.0</attributes>
  </object>
  <object>
    <name>balloon</name>
    <deleted>0</deleted>
    <verified>0</verified>
    <occluded>no</occluded>
    <date></date>
    <id>7</id>
    <parts>
      <hasparts></hasparts>
      <ispartof></ispartof>
    </parts>
    <type>bounding_box</type>
    <polygon>
      <pt>
        <x>240.48</x>
        <y>186.69</y>
      </pt>
      <pt>
        <x>374.94</x>
        <y>186.69</y>
      </pt>
      <pt>
        <x>374.94</x>
        <y>312.10</y>
      </pt>
      <pt>
        <x>240.48</x>
        <y>312.10</y>
      </pt>
      <username></username>
    </polygon>
    <attributes>rotation=0.0</attributes>
  </object>
  <object>
    <name>balloon</name>
    <deleted>0</deleted>
    <verified>0</verified>
    <occluded>no</occluded>
    <date></date>
    <id>8</id>
    <parts>
      <hasparts></hasparts>
      <ispartof></ispartof>
    </parts>
    <type>bounding_box</type>
    <polygon>
      <pt>
        <x>148.68</x>
        <y>75.50</y>
      </pt>
      <pt>
        <x>314.17</x>
        <y>75.50</y>
      </pt>
      <pt>
        <x>314.17</x>
        <y>275.90</y>
      </pt>
      <pt>
        <x>148.68</x>
        <y>275.90</y>
      </pt>
      <username></username>
    </polygon>
    <attributes>rotation=0.0</attributes>
  </object>
  <object>
    <name>balloon</name>
    <deleted>0</deleted>
    <verified>0</verified>
    <occluded>no</occluded>
    <date></date>
    <id>9</id>
    <parts>
      <hasparts></hasparts>
      <ispartof></ispartof>
    </parts>
    <type>bounding_box</type>
    <polygon>
      <pt>
        <x>0.00</x>
        <y>28.95</y>
      </pt>
      <pt>
        <x>160.31</x>
        <y>28.95</y>
      </pt>
      <pt>
        <x>160.31</x>
        <y>237.11</y>
      </pt>
      <pt>
        <x>0.00</x>
        <y>237.11</y>
      </pt>
      <username></username>
    </polygon>
    <attributes>rotation=0.0</attributes>
  </object>
</annotation>
