<annotation>
  <filename>15290896925_884ab33fd3_k.jpg</filename>
  <folder></folder>
  <source>
    <sourceImage></sourceImage>
    <sourceAnnotation>Datumaro</sourceAnnotation>
  </source>
  <imagesize>
    <nrows>1356</nrows>
    <ncols>2048</ncols>
  </imagesize>
  <object>
    <name>balloon</name>
    <deleted>0</deleted>
    <verified>0</verified>
    <occluded>no</occluded>
    <date></date>
    <id>0</id>
    <parts>
      <hasparts></hasparts>
      <ispartof></ispartof>
    </parts>
    <type>bounding_box</type>
    <polygon>
      <pt>
        <x>996.56</x>
        <y>60.37</y>
      </pt>
      <pt>
        <x>1179.18</x>
        <y>60.37</y>
      </pt>
      <pt>
        <x>1179.18</x>
        <y>290.93</y>
      </pt>
      <pt>
        <x>996.56</x>
        <y>290.93</y>
      </pt>
      <username></username>
    </polygon>
    <attributes>rotation=0.0</attributes>
  </object>
  <object>
    <name>balloon</name>
    <deleted>0</deleted>
    <verified>0</verified>
    <occluded>no</occluded>
    <date></date>
    <id>1</id>
    <parts>
      <hasparts></hasparts>
      <ispartof></ispartof>
    </parts>
    <type>bounding_box</type>
    <polygon>
      <pt>
        <x>1206.58</x>
        <y>39.82</y>
      </pt>
      <pt>
        <x>1421.16</x>
        <y>39.82</y>
      </pt>
      <pt>
        <x>1421.16</x>
        <y>236.15</y>
      </pt>
      <pt>
        <x>1206.58</x>
        <y>236.15</y>
      </pt>
      <username></username>
    </polygon>
    <attributes>rotation=0.0</attributes>
  </object>
  <object>
    <name>balloon</name>
    <deleted>0</deleted>
    <verified>0</verified>
    <occluded>no</occluded>
    <date></date>
    <id>2</id>
    <parts>
      <hasparts></hasparts>
      <ispartof></ispartof>
    </parts>
    <type>bounding_box</type>
    <polygon>
      <pt>
        <x>1110.70</x>
        <y>195.06</y>
      </pt>
      <pt>
        <x>1309.30</x>
        <y>195.06</y>
      </pt>
      <pt>
        <x>1309.30</x>
        <y>375.40</y>
      </pt>
      <pt>
        <x>1110.70</x>
        <y>375.40</y>
      </pt>
      <username></username>
    </polygon>
    <attributes>rotation=0.0</attributes>
  </object>
</annotation>
