<annotation>
  <filename>15331928994_d5b82eb368_k.jpg</filename>
  <folder></folder>
  <source>
    <sourceImage></sourceImage>
    <sourceAnnotation>Datumaro</sourceAnnotation>
  </source>
  <imagesize>
    <nrows>2048</nrows>
    <ncols>1365</ncols>
  </imagesize>
  <object>
    <name>balloon</name>
    <deleted>0</deleted>
    <verified>0</verified>
    <occluded>no</occluded>
    <date></date>
    <id>0</id>
    <parts>
      <hasparts></hasparts>
      <ispartof></ispartof>
    </parts>
    <type>bounding_box</type>
    <polygon>
      <pt>
        <x>137.73</x>
        <y>1246.20</y>
      </pt>
      <pt>
        <x>551.47</x>
        <y>1246.20</y>
      </pt>
      <pt>
        <x>551.47</x>
        <y>1732.34</y>
      </pt>
      <pt>
        <x>137.73</x>
        <y>1732.34</y>
      </pt>
      <username></username>
    </polygon>
    <attributes>rotation=0.0</attributes>
  </object>
</annotation>
