<annotation>
  <filename>154446334_5d41cd1375_b.jpg</filename>
  <folder></folder>
  <source>
    <sourceImage></sourceImage>
    <sourceAnnotation>Datumaro</sourceAnnotation>
  </source>
  <imagesize>
    <nrows>768</nrows>
    <ncols>1024</ncols>
  </imagesize>
  <object>
    <name>balloon</name>
    <deleted>0</deleted>
    <verified>0</verified>
    <occluded>no</occluded>
    <date></date>
    <id>0</id>
    <parts>
      <hasparts></hasparts>
      <ispartof></ispartof>
    </parts>
    <type>bounding_box</type>
    <polygon>
      <pt>
        <x>380.11</x>
        <y>83.26</y>
      </pt>
      <pt>
        <x>447.34</x>
        <y>83.26</y>
      </pt>
      <pt>
        <x>447.34</x>
        <y>147.90</y>
      </pt>
      <pt>
        <x>380.11</x>
        <y>147.90</y>
      </pt>
      <username></username>
    </polygon>
    <attributes>rotation=0.0</attributes>
  </object>
  <object>
    <name>balloon</name>
    <deleted>0</deleted>
    <verified>0</verified>
    <occluded>no</occluded>
    <date></date>
    <id>1</id>
    <parts>
      <hasparts></hasparts>
      <ispartof></ispartof>
    </parts>
    <type>bounding_box</type>
    <polygon>
      <pt>
        <x>470.62</x>
        <y>133.68</y>
      </pt>
      <pt>
        <x>570.17</x>
        <y>133.68</y>
      </pt>
      <pt>
        <x>570.17</x>
        <y>237.11</y>
      </pt>
      <pt>
        <x>470.62</x>
        <y>237.11</y>
      </pt>
      <username></username>
    </polygon>
    <attributes>rotation=0.0</attributes>
  </object>
  <object>
    <name>balloon</name>
    <deleted>0</deleted>
    <verified>0</verified>
    <occluded>no</occluded>
    <date></date>
    <id>2</id>
    <parts>
      <hasparts></hasparts>
      <ispartof></ispartof>
    </parts>
    <type>bounding_box</type>
    <polygon>
      <pt>
        <x>597.32</x>
        <y>141.44</y>
      </pt>
      <pt>
        <x>655.51</x>
        <y>141.44</y>
      </pt>
      <pt>
        <x>655.51</x>
        <y>228.06</y>
      </pt>
      <pt>
        <x>597.32</x>
        <y>228.06</y>
      </pt>
      <username></username>
    </polygon>
    <attributes>rotation=0.0</attributes>
  </object>
  <object>
    <name>balloon</name>
    <deleted>0</deleted>
    <verified>0</verified>
    <occluded>no</occluded>
    <date></date>
    <id>3</id>
    <parts>
      <hasparts></hasparts>
      <ispartof></ispartof>
    </parts>
    <type>bounding_box</type>
    <polygon>
      <pt>
        <x>599.91</x>
        <y>0.00</y>
      </pt>
      <pt>
        <x>658.09</x>
        <y>0.00</y>
      </pt>
      <pt>
        <x>658.09</x>
        <y>45.76</y>
      </pt>
      <pt>
        <x>599.91</x>
        <y>45.76</y>
      </pt>
      <username></username>
    </polygon>
    <attributes>rotation=0.0</attributes>
  </object>
  <object>
    <name>balloon</name>
    <deleted>0</deleted>
    <verified>0</verified>
    <occluded>no</occluded>
    <date></date>
    <id>4</id>
    <parts>
      <hasparts></hasparts>
      <ispartof></ispartof>
    </parts>
    <type>bounding_box</type>
    <polygon>
      <pt>
        <x>327.10</x>
        <y>0.00</y>
      </pt>
      <pt>
        <x>387.87</x>
        <y>0.00</y>
      </pt>
      <pt>
        <x>387.87</x>
        <y>40.59</y>
      </pt>
      <pt>
        <x>327.10</x>
        <y>40.59</y>
      </pt>
      <username></username>
    </polygon>
    <attributes>rotation=0.0</attributes>
  </object>
  <object>
    <name>balloon</name>
    <deleted>0</deleted>
    <verified>0</verified>
    <occluded>no</occluded>
    <date></date>
    <id>5</id>
    <parts>
      <hasparts></hasparts>
      <ispartof></ispartof>
    </parts>
    <type>bounding_box</type>
    <polygon>
      <pt>
        <x>254.70</x>
        <y>0.51</y>
      </pt>
      <pt>
        <x>325.81</x>
        <y>0.51</y>
      </pt>
      <pt>
        <x>325.81</x>
        <y>58.69</y>
      </pt>
      <pt>
        <x>254.70</x>
        <y>58.69</y>
      </pt>
      <username></username>
    </polygon>
    <attributes>rotation=0.0</attributes>
  </object>
  <object>
    <name>balloon</name>
    <deleted>0</deleted>
    <verified>0</verified>
    <occluded>no</occluded>
    <date></date>
    <id>6</id>
    <parts>
      <hasparts></hasparts>
      <ispartof></ispartof>
    </parts>
    <type>bounding_box</type>
    <polygon>
      <pt>
        <x>78.86</x>
        <y>66.45</y>
      </pt>
      <pt>
        <x>118.94</x>
        <y>66.45</y>
      </pt>
      <pt>
        <x>118.94</x>
        <y>106.53</y>
      </pt>
      <pt>
        <x>78.86</x>
        <y>106.53</y>
      </pt>
      <username></username>
    </polygon>
    <attributes>rotation=0.0</attributes>
  </object>
  <object>
    <name>balloon</name>
    <deleted>0</deleted>
    <verified>0</verified>
    <occluded>no</occluded>
    <date></date>
    <id>7</id>
    <parts>
      <hasparts></hasparts>
      <ispartof></ispartof>
    </parts>
    <type>bounding_box</type>
    <polygon>
      <pt>
        <x>54.29</x>
        <y>48.35</y>
      </pt>
      <pt>
        <x>99.55</x>
        <y>48.35</y>
      </pt>
      <pt>
        <x>99.55</x>
        <y>88.43</y>
      </pt>
      <pt>
        <x>54.29</x>
        <y>88.43</y>
      </pt>
      <username></username>
    </polygon>
    <attributes>rotation=0.0</attributes>
  </object>
  <object>
    <name>balloon</name>
    <deleted>0</deleted>
    <verified>0</verified>
    <occluded>no</occluded>
    <date></date>
    <id>8</id>
    <parts>
      <hasparts></hasparts>
      <ispartof></ispartof>
    </parts>
    <type>bounding_box</type>
    <polygon>
      <pt>
        <x>0.00</x>
        <y>123.34</y>
      </pt>
      <pt>
        <x>36.19</x>
        <y>123.34</y>
      </pt>
      <pt>
        <x>36.19</x>
        <y>178.93</y>
      </pt>
      <pt>
        <x>0.00</x>
        <y>178.93</y>
      </pt>
      <username></username>
    </polygon>
    <attributes>rotation=0.0</attributes>
  </object>
  <object>
    <name>balloon</name>
    <deleted>0</deleted>
    <verified>0</verified>
    <occluded>no</occluded>
    <date></date>
    <id>9</id>
    <parts>
      <hasparts></hasparts>
      <ispartof></ispartof>
    </parts>
    <type>bounding_box</type>
    <polygon>
      <pt>
        <x>413.73</x>
        <y>485.36</y>
      </pt>
      <pt>
        <x>446.05</x>
        <y>485.36</y>
      </pt>
      <pt>
        <x>446.05</x>
        <y>547.42</y>
      </pt>
      <pt>
        <x>413.73</x>
        <y>547.42</y>
      </pt>
      <username></username>
    </polygon>
    <attributes>rotation=0.0</attributes>
  </object>
</annotation>
