<annotation>
  <filename>155815494_800fc9aa32_b.jpg</filename>
  <folder></folder>
  <source>
    <sourceImage></sourceImage>
    <sourceAnnotation>Datumaro</sourceAnnotation>
  </source>
  <imagesize>
    <nrows>1024</nrows>
    <ncols>768</ncols>
  </imagesize>
  <object>
    <name>balloon</name>
    <deleted>0</deleted>
    <verified>0</verified>
    <occluded>no</occluded>
    <date></date>
    <id>0</id>
    <parts>
      <hasparts></hasparts>
      <ispartof></ispartof>
    </parts>
    <type>bounding_box</type>
    <polygon>
      <pt>
        <x>53.09</x>
        <y>543.71</y>
      </pt>
      <pt>
        <x>647.80</x>
        <y>543.71</y>
      </pt>
      <pt>
        <x>647.80</x>
        <y>1022.96</y>
      </pt>
      <pt>
        <x>53.09</x>
        <y>1022.96</y>
      </pt>
      <username></username>
    </polygon>
    <attributes>rotation=0.0</attributes>
  </object>
  <object>
    <name>balloon</name>
    <deleted>0</deleted>
    <verified>0</verified>
    <occluded>no</occluded>
    <date></date>
    <id>1</id>
    <parts>
      <hasparts></hasparts>
      <ispartof></ispartof>
    </parts>
    <type>bounding_box</type>
    <polygon>
      <pt>
        <x>645.94</x>
        <y>514.41</y>
      </pt>
      <pt>
        <x>768.00</x>
        <y>514.41</y>
      </pt>
      <pt>
        <x>768.00</x>
        <y>979.86</y>
      </pt>
      <pt>
        <x>645.94</x>
        <y>979.86</y>
      </pt>
      <username></username>
    </polygon>
    <attributes>rotation=0.0</attributes>
  </object>
</annotation>
