<annotation>
  <filename>15717689633_5f7f78c28e_k.jpg</filename>
  <folder></folder>
  <source>
    <sourceImage></sourceImage>
    <sourceAnnotation>Datumaro</sourceAnnotation>
  </source>
  <imagesize>
    <nrows>1536</nrows>
    <ncols>2048</ncols>
  </imagesize>
  <object>
    <name>balloon</name>
    <deleted>0</deleted>
    <verified>0</verified>
    <occluded>no</occluded>
    <date></date>
    <id>0</id>
    <parts>
      <hasparts></hasparts>
      <ispartof></ispartof>
    </parts>
    <type>bounding_box</type>
    <polygon>
      <pt>
        <x>540.44</x>
        <y>466.48</y>
      </pt>
      <pt>
        <x>749.89</x>
        <y>466.48</y>
      </pt>
      <pt>
        <x>749.89</x>
        <y>670.76</y>
      </pt>
      <pt>
        <x>540.44</x>
        <y>670.76</y>
      </pt>
      <username></username>
    </polygon>
    <attributes>rotation=0.0</attributes>
  </object>
  <object>
    <name>balloon</name>
    <deleted>0</deleted>
    <verified>0</verified>
    <occluded>no</occluded>
    <date></date>
    <id>1</id>
    <parts>
      <hasparts></hasparts>
      <ispartof></ispartof>
    </parts>
    <type>bounding_box</type>
    <polygon>
      <pt>
        <x>755.06</x>
        <y>458.72</y>
      </pt>
      <pt>
        <x>941.24</x>
        <y>458.72</y>
      </pt>
      <pt>
        <x>941.24</x>
        <y>652.66</y>
      </pt>
      <pt>
        <x>755.06</x>
        <y>652.66</y>
      </pt>
      <username></username>
    </polygon>
    <attributes>rotation=0.0</attributes>
  </object>
  <object>
    <name>balloon</name>
    <deleted>0</deleted>
    <verified>0</verified>
    <occluded>no</occluded>
    <date></date>
    <id>2</id>
    <parts>
      <hasparts></hasparts>
      <ispartof></ispartof>
    </parts>
    <type>bounding_box</type>
    <polygon>
      <pt>
        <x>871.43</x>
        <y>606.12</y>
      </pt>
      <pt>
        <x>1055.02</x>
        <y>606.12</y>
      </pt>
      <pt>
        <x>1055.02</x>
        <y>823.33</y>
      </pt>
      <pt>
        <x>871.43</x>
        <y>823.33</y>
      </pt>
      <username></username>
    </polygon>
    <attributes>rotation=0.0</attributes>
  </object>
  <object>
    <name>balloon</name>
    <deleted>0</deleted>
    <verified>0</verified>
    <occluded>no</occluded>
    <date></date>
    <id>3</id>
    <parts>
      <hasparts></hasparts>
      <ispartof></ispartof>
    </parts>
    <type>bounding_box</type>
    <polygon>
      <pt>
        <x>659.39</x>
        <y>606.12</y>
      </pt>
      <pt>
        <x>863.67</x>
        <y>606.12</y>
      </pt>
      <pt>
        <x>863.67</x>
        <y>802.64</y>
      </pt>
      <pt>
        <x>659.39</x>
        <y>802.64</y>
      </pt>
      <username></username>
    </polygon>
    <attributes>rotation=0.0</attributes>
  </object>
  <object>
    <name>balloon</name>
    <deleted>0</deleted>
    <verified>0</verified>
    <occluded>no</occluded>
    <date></date>
    <id>4</id>
    <parts>
      <hasparts></hasparts>
      <ispartof></ispartof>
    </parts>
    <type>bounding_box</type>
    <polygon>
      <pt>
        <x>643.87</x>
        <y>745.75</y>
      </pt>
      <pt>
        <x>863.67</x>
        <y>745.75</y>
      </pt>
      <pt>
        <x>863.67</x>
        <y>880.22</y>
      </pt>
      <pt>
        <x>643.87</x>
        <y>880.22</y>
      </pt>
      <username></username>
    </polygon>
    <attributes>rotation=0.0</attributes>
  </object>
</annotation>
