<annotation>
  <filename>16435593892_2aa8118f4a_k.jpg</filename>
  <folder></folder>
  <source>
    <sourceImage></sourceImage>
    <sourceAnnotation>Datumaro</sourceAnnotation>
  </source>
  <imagesize>
    <nrows>2048</nrows>
    <ncols>1895</ncols>
  </imagesize>
  <object>
    <name>balloon</name>
    <deleted>0</deleted>
    <verified>0</verified>
    <occluded>no</occluded>
    <date></date>
    <id>0</id>
    <parts>
      <hasparts></hasparts>
      <ispartof></ispartof>
    </parts>
    <type>bounding_box</type>
    <polygon>
      <pt>
        <x>1099.33</x>
        <y>229.10</y>
      </pt>
      <pt>
        <x>1775.10</x>
        <y>229.10</y>
      </pt>
      <pt>
        <x>1775.10</x>
        <y>901.42</y>
      </pt>
      <pt>
        <x>1099.33</x>
        <y>901.42</y>
      </pt>
      <username></username>
    </polygon>
    <attributes>rotation=0.0</attributes>
  </object>
</annotation>
