<annotation>
  <filename>18849792632_aad23ad513_k.jpg</filename>
  <folder></folder>
  <source>
    <sourceImage></sourceImage>
    <sourceAnnotation>Datumaro</sourceAnnotation>
  </source>
  <imagesize>
    <nrows>2048</nrows>
    <ncols>1536</ncols>
  </imagesize>
  <object>
    <name>balloon</name>
    <deleted>0</deleted>
    <verified>0</verified>
    <occluded>no</occluded>
    <date></date>
    <id>0</id>
    <parts>
      <hasparts></hasparts>
      <ispartof></ispartof>
    </parts>
    <type>bounding_box</type>
    <polygon>
      <pt>
        <x>533.54</x>
        <y>367.01</y>
      </pt>
      <pt>
        <x>871.43</x>
        <y>367.01</y>
      </pt>
      <pt>
        <x>871.43</x>
        <y>822.12</y>
      </pt>
      <pt>
        <x>533.54</x>
        <y>822.12</y>
      </pt>
      <username></username>
    </polygon>
    <attributes>rotation=0.0</attributes>
  </object>
  <object>
    <name>balloon</name>
    <deleted>0</deleted>
    <verified>0</verified>
    <occluded>no</occluded>
    <date></date>
    <id>1</id>
    <parts>
      <hasparts></hasparts>
      <ispartof></ispartof>
    </parts>
    <type>bounding_box</type>
    <polygon>
      <pt>
        <x>302.54</x>
        <y>639.39</y>
      </pt>
      <pt>
        <x>619.74</x>
        <y>639.39</y>
      </pt>
      <pt>
        <x>619.74</x>
        <y>1042.78</y>
      </pt>
      <pt>
        <x>302.54</x>
        <y>1042.78</y>
      </pt>
      <username></username>
    </polygon>
    <attributes>rotation=0.0</attributes>
  </object>
  <object>
    <name>balloon</name>
    <deleted>0</deleted>
    <verified>0</verified>
    <occluded>no</occluded>
    <date></date>
    <id>2</id>
    <parts>
      <hasparts></hasparts>
      <ispartof></ispartof>
    </parts>
    <type>bounding_box</type>
    <polygon>
      <pt>
        <x>799.02</x>
        <y>463.55</y>
      </pt>
      <pt>
        <x>1016.23</x>
        <y>463.55</y>
      </pt>
      <pt>
        <x>1016.23</x>
        <y>794.54</y>
      </pt>
      <pt>
        <x>799.02</x>
        <y>794.54</y>
      </pt>
      <username></username>
    </polygon>
    <attributes>rotation=0.0</attributes>
  </object>
  <object>
    <name>balloon</name>
    <deleted>0</deleted>
    <verified>0</verified>
    <occluded>no</occluded>
    <date></date>
    <id>3</id>
    <parts>
      <hasparts></hasparts>
      <ispartof></ispartof>
    </parts>
    <type>bounding_box</type>
    <polygon>
      <pt>
        <x>826.60</x>
        <y>622.15</y>
      </pt>
      <pt>
        <x>1154.15</x>
        <y>622.15</y>
      </pt>
      <pt>
        <x>1154.15</x>
        <y>1035.89</y>
      </pt>
      <pt>
        <x>826.60</x>
        <y>1035.89</y>
      </pt>
      <username></username>
    </polygon>
    <attributes>rotation=0.0</attributes>
  </object>
  <object>
    <name>balloon</name>
    <deleted>0</deleted>
    <verified>0</verified>
    <occluded>no</occluded>
    <date></date>
    <id>4</id>
    <parts>
      <hasparts></hasparts>
      <ispartof></ispartof>
    </parts>
    <type>bounding_box</type>
    <polygon>
      <pt>
        <x>564.57</x>
        <y>808.33</y>
      </pt>
      <pt>
        <x>895.56</x>
        <y>808.33</y>
      </pt>
      <pt>
        <x>895.56</x>
        <y>1235.86</y>
      </pt>
      <pt>
        <x>564.57</x>
        <y>1235.86</y>
      </pt>
      <username></username>
    </polygon>
    <attributes>rotation=0.0</attributes>
  </object>
  <object>
    <name>balloon</name>
    <deleted>0</deleted>
    <verified>0</verified>
    <occluded>no</occluded>
    <date></date>
    <id>5</id>
    <parts>
      <hasparts></hasparts>
      <ispartof></ispartof>
    </parts>
    <type>bounding_box</type>
    <polygon>
      <pt>
        <x>809.37</x>
        <y>1001.41</y>
      </pt>
      <pt>
        <x>1130.01</x>
        <y>1001.41</y>
      </pt>
      <pt>
        <x>1130.01</x>
        <y>1359.98</y>
      </pt>
      <pt>
        <x>809.37</x>
        <y>1359.98</y>
      </pt>
      <username></username>
    </polygon>
    <attributes>rotation=0.0</attributes>
  </object>
  <object>
    <name>balloon</name>
    <deleted>0</deleted>
    <verified>0</verified>
    <occluded>no</occluded>
    <date></date>
    <id>6</id>
    <parts>
      <hasparts></hasparts>
      <ispartof></ispartof>
    </parts>
    <type>bounding_box</type>
    <polygon>
      <pt>
        <x>388.73</x>
        <y>1122.08</y>
      </pt>
      <pt>
        <x>733.51</x>
        <y>1122.08</y>
      </pt>
      <pt>
        <x>733.51</x>
        <y>1491.00</y>
      </pt>
      <pt>
        <x>388.73</x>
        <y>1491.00</y>
      </pt>
      <username></username>
    </polygon>
    <attributes>rotation=0.0</attributes>
  </object>
  <object>
    <name>balloon</name>
    <deleted>0</deleted>
    <verified>0</verified>
    <occluded>no</occluded>
    <date></date>
    <id>7</id>
    <parts>
      <hasparts></hasparts>
      <ispartof></ispartof>
    </parts>
    <type>bounding_box</type>
    <polygon>
      <pt>
        <x>343.91</x>
        <y>915.21</y>
      </pt>
      <pt>
        <x>574.91</x>
        <y>915.21</y>
      </pt>
      <pt>
        <x>574.91</x>
        <y>1132.43</y>
      </pt>
      <pt>
        <x>343.91</x>
        <y>1132.43</y>
      </pt>
      <username></username>
    </polygon>
    <attributes>rotation=0.0</attributes>
  </object>
  <object>
    <name>balloon</name>
    <deleted>0</deleted>
    <verified>0</verified>
    <occluded>no</occluded>
    <date></date>
    <id>8</id>
    <parts>
      <hasparts></hasparts>
      <ispartof></ispartof>
    </parts>
    <type>bounding_box</type>
    <polygon>
      <pt>
        <x>630.08</x>
        <y>1242.41</y>
      </pt>
      <pt>
        <x>823.16</x>
        <y>1242.41</y>
      </pt>
      <pt>
        <x>823.16</x>
        <y>1566.85</y>
      </pt>
      <pt>
        <x>630.08</x>
        <y>1566.85</y>
      </pt>
      <username></username>
    </polygon>
    <attributes>rotation=0.0</attributes>
  </object>
</annotation>
