<annotation>
  <filename>2354829160_3f65a6bf6f_b.jpg</filename>
  <folder></folder>
  <source>
    <sourceImage></sourceImage>
    <sourceAnnotation>Datumaro</sourceAnnotation>
  </source>
  <imagesize>
    <nrows>681</nrows>
    <ncols>1024</ncols>
  </imagesize>
  <object>
    <name>balloon</name>
    <deleted>0</deleted>
    <verified>0</verified>
    <occluded>no</occluded>
    <date></date>
    <id>0</id>
    <parts>
      <hasparts></hasparts>
      <ispartof></ispartof>
    </parts>
    <type>bounding_box</type>
    <polygon>
      <pt>
        <x>904.08</x>
        <y>189.61</y>
      </pt>
      <pt>
        <x>1024.00</x>
        <y>189.61</y>
      </pt>
      <pt>
        <x>1024.00</x>
        <y>379.92</y>
      </pt>
      <pt>
        <x>904.08</x>
        <y>379.92</y>
      </pt>
      <username></username>
    </polygon>
    <attributes>rotation=0.0</attributes>
  </object>
  <object>
    <name>balloon</name>
    <deleted>0</deleted>
    <verified>0</verified>
    <occluded>no</occluded>
    <date></date>
    <id>1</id>
    <parts>
      <hasparts></hasparts>
      <ispartof></ispartof>
    </parts>
    <type>bounding_box</type>
    <polygon>
      <pt>
        <x>976.31</x>
        <y>329.47</y>
      </pt>
      <pt>
        <x>1023.32</x>
        <y>329.47</y>
      </pt>
      <pt>
        <x>1023.32</x>
        <y>512.91</y>
      </pt>
      <pt>
        <x>976.31</x>
        <y>512.91</y>
      </pt>
      <username></username>
    </polygon>
    <attributes>rotation=0.0</attributes>
  </object>
</annotation>
