<annotation>
  <filename>2685563244_b0d5f7eb67_b.jpg</filename>
  <folder></folder>
  <source>
    <sourceImage></sourceImage>
    <sourceAnnotation>Datumaro</sourceAnnotation>
  </source>
  <imagesize>
    <nrows>683</nrows>
    <ncols>1024</ncols>
  </imagesize>
  <object>
    <name>balloon</name>
    <deleted>0</deleted>
    <verified>0</verified>
    <occluded>no</occluded>
    <date></date>
    <id>0</id>
    <parts>
      <hasparts></hasparts>
      <ispartof></ispartof>
    </parts>
    <type>bounding_box</type>
    <polygon>
      <pt>
        <x>157.83</x>
        <y>301.67</y>
      </pt>
      <pt>
        <x>577.52</x>
        <y>301.67</y>
      </pt>
      <pt>
        <x>577.52</x>
        <y>676.52</y>
      </pt>
      <pt>
        <x>157.83</x>
        <y>676.52</y>
      </pt>
      <username></username>
    </polygon>
    <attributes>rotation=0.0</attributes>
  </object>
  <object>
    <name>balloon</name>
    <deleted>0</deleted>
    <verified>0</verified>
    <occluded>no</occluded>
    <date></date>
    <id>1</id>
    <parts>
      <hasparts></hasparts>
      <ispartof></ispartof>
    </parts>
    <type>bounding_box</type>
    <polygon>
      <pt>
        <x>461.38</x>
        <y>14.21</y>
      </pt>
      <pt>
        <x>977.66</x>
        <y>14.21</y>
      </pt>
      <pt>
        <x>977.66</x>
        <y>522.44</y>
      </pt>
      <pt>
        <x>461.38</x>
        <y>522.44</y>
      </pt>
      <username></username>
    </polygon>
    <attributes>rotation=0.0</attributes>
  </object>
</annotation>
