<annotation>
  <filename>332344155_71be3a3b22_b.jpg</filename>
  <folder></folder>
  <source>
    <sourceImage></sourceImage>
    <sourceAnnotation>Datumaro</sourceAnnotation>
  </source>
  <imagesize>
    <nrows>852</nrows>
    <ncols>1024</ncols>
  </imagesize>
  <object>
    <name>balloon</name>
    <deleted>0</deleted>
    <verified>0</verified>
    <occluded>no</occluded>
    <date></date>
    <id>0</id>
    <parts>
      <hasparts></hasparts>
      <ispartof></ispartof>
    </parts>
    <type>bounding_box</type>
    <polygon>
      <pt>
        <x>179.18</x>
        <y>62.28</y>
      </pt>
      <pt>
        <x>428.75</x>
        <y>62.28</y>
      </pt>
      <pt>
        <x>428.75</x>
        <y>347.71</y>
      </pt>
      <pt>
        <x>179.18</x>
        <y>347.71</y>
      </pt>
      <username></username>
    </polygon>
    <attributes>rotation=0.0</attributes>
  </object>
</annotation>
