<annotation>
  <filename>351678851_e2aeebdafd_b.jpg</filename>
  <folder></folder>
  <source>
    <sourceImage></sourceImage>
    <sourceAnnotation>Datumaro</sourceAnnotation>
  </source>
  <imagesize>
    <nrows>1024</nrows>
    <ncols>768</ncols>
  </imagesize>
  <object>
    <name>balloon</name>
    <deleted>0</deleted>
    <verified>0</verified>
    <occluded>no</occluded>
    <date></date>
    <id>0</id>
    <parts>
      <hasparts></hasparts>
      <ispartof></ispartof>
    </parts>
    <type>bounding_box</type>
    <polygon>
      <pt>
        <x>368.39</x>
        <y>367.87</y>
      </pt>
      <pt>
        <x>661.63</x>
        <y>367.87</y>
      </pt>
      <pt>
        <x>661.63</x>
        <y>624.74</y>
      </pt>
      <pt>
        <x>368.39</x>
        <y>624.74</y>
      </pt>
      <username></username>
    </polygon>
    <attributes>rotation=0.0</attributes>
  </object>
  <object>
    <name>balloon</name>
    <deleted>0</deleted>
    <verified>0</verified>
    <occluded>no</occluded>
    <date></date>
    <id>1</id>
    <parts>
      <hasparts></hasparts>
      <ispartof></ispartof>
    </parts>
    <type>bounding_box</type>
    <polygon>
      <pt>
        <x>2.92</x>
        <y>276.51</y>
      </pt>
      <pt>
        <x>228.93</x>
        <y>276.51</y>
      </pt>
      <pt>
        <x>228.93</x>
        <y>564.40</y>
      </pt>
      <pt>
        <x>2.92</x>
        <y>564.40</y>
      </pt>
      <username></username>
    </polygon>
    <attributes>rotation=0.0</attributes>
  </object>
  <object>
    <name>balloon</name>
    <deleted>0</deleted>
    <verified>0</verified>
    <occluded>no</occluded>
    <date></date>
    <id>2</id>
    <parts>
      <hasparts></hasparts>
      <ispartof></ispartof>
    </parts>
    <type>bounding_box</type>
    <polygon>
      <pt>
        <x>266.68</x>
        <y>50.67</y>
      </pt>
      <pt>
        <x>604.74</x>
        <y>50.67</y>
      </pt>
      <pt>
        <x>604.74</x>
        <y>412.69</y>
      </pt>
      <pt>
        <x>266.68</x>
        <y>412.69</y>
      </pt>
      <username></username>
    </polygon>
    <attributes>rotation=0.0</attributes>
  </object>
  <object>
    <name>balloon</name>
    <deleted>0</deleted>
    <verified>0</verified>
    <occluded>no</occluded>
    <date></date>
    <id>3</id>
    <parts>
      <hasparts></hasparts>
      <ispartof></ispartof>
    </parts>
    <type>bounding_box</type>
    <polygon>
      <pt>
        <x>152.90</x>
        <y>462.69</y>
      </pt>
      <pt>
        <x>453.03</x>
        <y>462.69</y>
      </pt>
      <pt>
        <x>453.03</x>
        <y>755.75</y>
      </pt>
      <pt>
        <x>152.90</x>
        <y>755.75</y>
      </pt>
      <username></username>
    </polygon>
    <attributes>rotation=0.0</attributes>
  </object>
  <object>
    <name>balloon</name>
    <deleted>0</deleted>
    <verified>0</verified>
    <occluded>no</occluded>
    <date></date>
    <id>4</id>
    <parts>
      <hasparts></hasparts>
      <ispartof></ispartof>
    </parts>
    <type>bounding_box</type>
    <polygon>
      <pt>
        <x>295.99</x>
        <y>626.46</y>
      </pt>
      <pt>
        <x>565.09</x>
        <y>626.46</y>
      </pt>
      <pt>
        <x>565.09</x>
        <y>872.98</y>
      </pt>
      <pt>
        <x>295.99</x>
        <y>872.98</y>
      </pt>
      <username></username>
    </polygon>
    <attributes>rotation=0.0</attributes>
  </object>
  <object>
    <name>balloon</name>
    <deleted>0</deleted>
    <verified>0</verified>
    <occluded>no</occluded>
    <date></date>
    <id>5</id>
    <parts>
      <hasparts></hasparts>
      <ispartof></ispartof>
    </parts>
    <type>bounding_box</type>
    <polygon>
      <pt>
        <x>52.92</x>
        <y>726.45</y>
      </pt>
      <pt>
        <x>335.81</x>
        <y>726.45</y>
      </pt>
      <pt>
        <x>335.81</x>
        <y>991.93</y>
      </pt>
      <pt>
        <x>52.92</x>
        <y>991.93</y>
      </pt>
      <username></username>
    </polygon>
    <attributes>rotation=0.0</attributes>
  </object>
  <object>
    <name>balloon</name>
    <deleted>0</deleted>
    <verified>0</verified>
    <occluded>no</occluded>
    <date></date>
    <id>6</id>
    <parts>
      <hasparts></hasparts>
      <ispartof></ispartof>
    </parts>
    <type>bounding_box</type>
    <polygon>
      <pt>
        <x>0.00</x>
        <y>557.50</y>
      </pt>
      <pt>
        <x>165.14</x>
        <y>557.50</y>
      </pt>
      <pt>
        <x>165.14</x>
        <y>791.95</y>
      </pt>
      <pt>
        <x>0.00</x>
        <y>791.95</y>
      </pt>
      <username></username>
    </polygon>
    <attributes>rotation=0.0</attributes>
  </object>
  <object>
    <name>balloon</name>
    <deleted>0</deleted>
    <verified>0</verified>
    <occluded>no</occluded>
    <date></date>
    <id>7</id>
    <parts>
      <hasparts></hasparts>
      <ispartof></ispartof>
    </parts>
    <type>bounding_box</type>
    <polygon>
      <pt>
        <x>1.20</x>
        <y>0.00</y>
      </pt>
      <pt>
        <x>170.31</x>
        <y>0.00</y>
      </pt>
      <pt>
        <x>170.31</x>
        <y>310.98</y>
      </pt>
      <pt>
        <x>1.20</x>
        <y>310.98</y>
      </pt>
      <username></username>
    </polygon>
    <attributes>rotation=0.0</attributes>
  </object>
  <object>
    <name>balloon</name>
    <deleted>0</deleted>
    <verified>0</verified>
    <occluded>no</occluded>
    <date></date>
    <id>8</id>
    <parts>
      <hasparts></hasparts>
      <ispartof></ispartof>
    </parts>
    <type>bounding_box</type>
    <polygon>
      <pt>
        <x>4.82</x>
        <y>805.75</y>
      </pt>
      <pt>
        <x>108.25</x>
        <y>805.75</y>
      </pt>
      <pt>
        <x>108.25</x>
        <y>988.48</y>
      </pt>
      <pt>
        <x>4.82</x>
        <y>988.48</y>
      </pt>
      <username></username>
    </polygon>
    <attributes>rotation=0.0</attributes>
  </object>
</annotation>
