<annotation>
  <filename>4057490235_2ffdf7d68b_b.jpg</filename>
  <folder></folder>
  <source>
    <sourceImage></sourceImage>
    <sourceAnnotation>Datumaro</sourceAnnotation>
  </source>
  <imagesize>
    <nrows>1024</nrows>
    <ncols>769</ncols>
  </imagesize>
  <object>
    <name>balloon</name>
    <deleted>0</deleted>
    <verified>0</verified>
    <occluded>no</occluded>
    <date></date>
    <id>0</id>
    <parts>
      <hasparts></hasparts>
      <ispartof></ispartof>
    </parts>
    <type>bounding_box</type>
    <polygon>
      <pt>
        <x>327.50</x>
        <y>478.20</y>
      </pt>
      <pt>
        <x>453.38</x>
        <y>478.20</y>
      </pt>
      <pt>
        <x>453.38</x>
        <y>612.67</y>
      </pt>
      <pt>
        <x>327.50</x>
        <y>612.67</y>
      </pt>
      <username></username>
    </polygon>
    <attributes>rotation=0.0</attributes>
  </object>
  <object>
    <name>balloon</name>
    <deleted>0</deleted>
    <verified>0</verified>
    <occluded>no</occluded>
    <date></date>
    <id>1</id>
    <parts>
      <hasparts></hasparts>
      <ispartof></ispartof>
    </parts>
    <type>bounding_box</type>
    <polygon>
      <pt>
        <x>393.04</x>
        <y>633.35</y>
      </pt>
      <pt>
        <x>558.54</x>
        <y>633.35</y>
      </pt>
      <pt>
        <x>558.54</x>
        <y>809.19</y>
      </pt>
      <pt>
        <x>393.04</x>
        <y>809.19</y>
      </pt>
      <username></username>
    </polygon>
    <attributes>rotation=0.0</attributes>
  </object>
  <object>
    <name>balloon</name>
    <deleted>0</deleted>
    <verified>0</verified>
    <occluded>no</occluded>
    <date></date>
    <id>2</id>
    <parts>
      <hasparts></hasparts>
      <ispartof></ispartof>
    </parts>
    <type>bounding_box</type>
    <polygon>
      <pt>
        <x>274.09</x>
        <y>724.72</y>
      </pt>
      <pt>
        <x>448.21</x>
        <y>724.72</y>
      </pt>
      <pt>
        <x>448.21</x>
        <y>907.46</y>
      </pt>
      <pt>
        <x>274.09</x>
        <y>907.46</y>
      </pt>
      <username></username>
    </polygon>
    <attributes>rotation=0.0</attributes>
  </object>
</annotation>
