<annotation>
  <filename>4543126482_92254ef046_b.jpg</filename>
  <folder></folder>
  <source>
    <sourceImage></sourceImage>
    <sourceAnnotation>Datumaro</sourceAnnotation>
  </source>
  <imagesize>
    <nrows>1024</nrows>
    <ncols>679</ncols>
  </imagesize>
  <object>
    <name>balloon</name>
    <deleted>0</deleted>
    <verified>0</verified>
    <occluded>no</occluded>
    <date></date>
    <id>0</id>
    <parts>
      <hasparts></hasparts>
      <ispartof></ispartof>
    </parts>
    <type>bounding_box</type>
    <polygon>
      <pt>
        <x>365.29</x>
        <y>259.27</y>
      </pt>
      <pt>
        <x>439.42</x>
        <y>259.27</y>
      </pt>
      <pt>
        <x>439.42</x>
        <y>362.70</y>
      </pt>
      <pt>
        <x>365.29</x>
        <y>362.70</y>
      </pt>
      <username></username>
    </polygon>
    <attributes>rotation=0.0</attributes>
  </object>
  <object>
    <name>balloon</name>
    <deleted>0</deleted>
    <verified>0</verified>
    <occluded>no</occluded>
    <date></date>
    <id>1</id>
    <parts>
      <hasparts></hasparts>
      <ispartof></ispartof>
    </parts>
    <type>bounding_box</type>
    <polygon>
      <pt>
        <x>304.95</x>
        <y>319.60</y>
      </pt>
      <pt>
        <x>387.70</x>
        <y>319.60</y>
      </pt>
      <pt>
        <x>387.70</x>
        <y>404.08</y>
      </pt>
      <pt>
        <x>304.95</x>
        <y>404.08</y>
      </pt>
      <username></username>
    </polygon>
    <attributes>rotation=0.0</attributes>
  </object>
  <object>
    <name>balloon</name>
    <deleted>0</deleted>
    <verified>0</verified>
    <occluded>no</occluded>
    <date></date>
    <id>2</id>
    <parts>
      <hasparts></hasparts>
      <ispartof></ispartof>
    </parts>
    <type>bounding_box</type>
    <polygon>
      <pt>
        <x>427.35</x>
        <y>521.30</y>
      </pt>
      <pt>
        <x>594.57</x>
        <y>521.30</y>
      </pt>
      <pt>
        <x>594.57</x>
        <y>666.11</y>
      </pt>
      <pt>
        <x>427.35</x>
        <y>666.11</y>
      </pt>
      <username></username>
    </polygon>
    <attributes>rotation=0.0</attributes>
  </object>
  <object>
    <name>balloon</name>
    <deleted>0</deleted>
    <verified>0</verified>
    <occluded>no</occluded>
    <date></date>
    <id>3</id>
    <parts>
      <hasparts></hasparts>
      <ispartof></ispartof>
    </parts>
    <type>bounding_box</type>
    <polygon>
      <pt>
        <x>365.29</x>
        <y>624.74</y>
      </pt>
      <pt>
        <x>465.27</x>
        <y>624.74</y>
      </pt>
      <pt>
        <x>465.27</x>
        <y>731.62</y>
      </pt>
      <pt>
        <x>365.29</x>
        <y>731.62</y>
      </pt>
      <username></username>
    </polygon>
    <attributes>rotation=0.0</attributes>
  </object>
  <object>
    <name>balloon</name>
    <deleted>0</deleted>
    <verified>0</verified>
    <occluded>no</occluded>
    <date></date>
    <id>4</id>
    <parts>
      <hasparts></hasparts>
      <ispartof></ispartof>
    </parts>
    <type>bounding_box</type>
    <polygon>
      <pt>
        <x>339.43</x>
        <y>666.11</y>
      </pt>
      <pt>
        <x>449.76</x>
        <y>666.11</y>
      </pt>
      <pt>
        <x>449.76</x>
        <y>776.44</y>
      </pt>
      <pt>
        <x>339.43</x>
        <y>776.44</y>
      </pt>
      <username></username>
    </polygon>
    <attributes>rotation=0.0</attributes>
  </object>
  <object>
    <name>balloon</name>
    <deleted>0</deleted>
    <verified>0</verified>
    <occluded>no</occluded>
    <date></date>
    <id>5</id>
    <parts>
      <hasparts></hasparts>
      <ispartof></ispartof>
    </parts>
    <type>bounding_box</type>
    <polygon>
      <pt>
        <x>84.29</x>
        <y>474.76</y>
      </pt>
      <pt>
        <x>182.55</x>
        <y>474.76</y>
      </pt>
      <pt>
        <x>182.55</x>
        <y>579.91</y>
      </pt>
      <pt>
        <x>84.29</x>
        <y>579.91</y>
      </pt>
      <username></username>
    </polygon>
    <attributes>rotation=0.0</attributes>
  </object>
  <object>
    <name>balloon</name>
    <deleted>0</deleted>
    <verified>0</verified>
    <occluded>no</occluded>
    <date></date>
    <id>6</id>
    <parts>
      <hasparts></hasparts>
      <ispartof></ispartof>
    </parts>
    <type>bounding_box</type>
    <polygon>
      <pt>
        <x>1.54</x>
        <y>443.72</y>
      </pt>
      <pt>
        <x>87.74</x>
        <y>443.72</y>
      </pt>
      <pt>
        <x>87.74</x>
        <y>535.09</y>
      </pt>
      <pt>
        <x>1.54</x>
        <y>535.09</y>
      </pt>
      <username></username>
    </polygon>
    <attributes>rotation=0.0</attributes>
  </object>
  <object>
    <name>balloon</name>
    <deleted>0</deleted>
    <verified>0</verified>
    <occluded>no</occluded>
    <date></date>
    <id>7</id>
    <parts>
      <hasparts></hasparts>
      <ispartof></ispartof>
    </parts>
    <type>bounding_box</type>
    <polygon>
      <pt>
        <x>56.71</x>
        <y>364.43</y>
      </pt>
      <pt>
        <x>148.08</x>
        <y>364.43</y>
      </pt>
      <pt>
        <x>148.08</x>
        <y>473.03</y>
      </pt>
      <pt>
        <x>56.71</x>
        <y>473.03</y>
      </pt>
      <username></username>
    </polygon>
    <attributes>rotation=0.0</attributes>
  </object>
  <object>
    <name>balloon</name>
    <deleted>0</deleted>
    <verified>0</verified>
    <occluded>no</occluded>
    <date></date>
    <id>8</id>
    <parts>
      <hasparts></hasparts>
      <ispartof></ispartof>
    </parts>
    <type>bounding_box</type>
    <polygon>
      <pt>
        <x>115.32</x>
        <y>342.01</y>
      </pt>
      <pt>
        <x>198.07</x>
        <y>342.01</y>
      </pt>
      <pt>
        <x>198.07</x>
        <y>433.38</y>
      </pt>
      <pt>
        <x>115.32</x>
        <y>433.38</y>
      </pt>
      <username></username>
    </polygon>
    <attributes>rotation=0.0</attributes>
  </object>
  <object>
    <name>balloon</name>
    <deleted>0</deleted>
    <verified>0</verified>
    <occluded>no</occluded>
    <date></date>
    <id>9</id>
    <parts>
      <hasparts></hasparts>
      <ispartof></ispartof>
    </parts>
    <type>bounding_box</type>
    <polygon>
      <pt>
        <x>15.33</x>
        <y>388.56</y>
      </pt>
      <pt>
        <x>72.22</x>
        <y>388.56</y>
      </pt>
      <pt>
        <x>72.22</x>
        <y>440.28</y>
      </pt>
      <pt>
        <x>15.33</x>
        <y>440.28</y>
      </pt>
      <username></username>
    </polygon>
    <attributes>rotation=0.0</attributes>
  </object>
</annotation>
