<annotation>
  <filename>4887227769_acd2e6127d_b.jpg</filename>
  <folder></folder>
  <source>
    <sourceImage></sourceImage>
    <sourceAnnotation>Datumaro</sourceAnnotation>
  </source>
  <imagesize>
    <nrows>768</nrows>
    <ncols>1024</ncols>
  </imagesize>
  <object>
    <name>balloon</name>
    <deleted>0</deleted>
    <verified>0</verified>
    <occluded>no</occluded>
    <date></date>
    <id>0</id>
    <parts>
      <hasparts></hasparts>
      <ispartof></ispartof>
    </parts>
    <type>bounding_box</type>
    <polygon>
      <pt>
        <x>240.48</x>
        <y>94.89</y>
      </pt>
      <pt>
        <x>457.69</x>
        <y>94.89</y>
      </pt>
      <pt>
        <x>457.69</x>
        <y>359.94</y>
      </pt>
      <pt>
        <x>240.48</x>
        <y>359.94</y>
      </pt>
      <username></username>
    </polygon>
    <attributes>rotation=0.0</attributes>
  </object>
  <object>
    <name>balloon</name>
    <deleted>0</deleted>
    <verified>0</verified>
    <occluded>no</occluded>
    <date></date>
    <id>1</id>
    <parts>
      <hasparts></hasparts>
      <ispartof></ispartof>
    </parts>
    <type>bounding_box</type>
    <polygon>
      <pt>
        <x>351.70</x>
        <y>0.00</y>
      </pt>
      <pt>
        <x>571.47</x>
        <y>0.00</y>
      </pt>
      <pt>
        <x>571.47</x>
        <y>189.28</y>
      </pt>
      <pt>
        <x>351.70</x>
        <y>189.28</y>
      </pt>
      <username></username>
    </polygon>
    <attributes>rotation=0.0</attributes>
  </object>
</annotation>
