<annotation>
  <filename>5013250607_26359229b6_b.jpg</filename>
  <folder></folder>
  <source>
    <sourceImage></sourceImage>
    <sourceAnnotation>Datumaro</sourceAnnotation>
  </source>
  <imagesize>
    <nrows>681</nrows>
    <ncols>1024</ncols>
  </imagesize>
  <object>
    <name>balloon</name>
    <deleted>0</deleted>
    <verified>0</verified>
    <occluded>no</occluded>
    <date></date>
    <id>0</id>
    <parts>
      <hasparts></hasparts>
      <ispartof></ispartof>
    </parts>
    <type>bounding_box</type>
    <polygon>
      <pt>
        <x>354.93</x>
        <y>150.63</y>
      </pt>
      <pt>
        <x>954.53</x>
        <y>150.63</y>
      </pt>
      <pt>
        <x>954.53</x>
        <y>676.85</y>
      </pt>
      <pt>
        <x>354.93</x>
        <y>676.85</y>
      </pt>
      <username></username>
    </polygon>
    <attributes>rotation=0.0</attributes>
  </object>
  <object>
    <name>balloon</name>
    <deleted>0</deleted>
    <verified>0</verified>
    <occluded>no</occluded>
    <date></date>
    <id>1</id>
    <parts>
      <hasparts></hasparts>
      <ispartof></ispartof>
    </parts>
    <type>bounding_box</type>
    <polygon>
      <pt>
        <x>597.98</x>
        <y>0.00</y>
      </pt>
      <pt>
        <x>1023.31</x>
        <y>0.00</y>
      </pt>
      <pt>
        <x>1023.31</x>
        <y>303.11</y>
      </pt>
      <pt>
        <x>597.98</x>
        <y>303.11</y>
      </pt>
      <username></username>
    </polygon>
    <attributes>rotation=0.0</attributes>
  </object>
</annotation>
