<annotation>
  <filename>5178670692_63a4365c9c_b.jpg</filename>
  <folder></folder>
  <source>
    <sourceImage></sourceImage>
    <sourceAnnotation>Datumaro</sourceAnnotation>
  </source>
  <imagesize>
    <nrows>1024</nrows>
    <ncols>683</ncols>
  </imagesize>
  <object>
    <name>balloon</name>
    <deleted>0</deleted>
    <verified>0</verified>
    <occluded>no</occluded>
    <date></date>
    <id>0</id>
    <parts>
      <hasparts></hasparts>
      <ispartof></ispartof>
    </parts>
    <type>bounding_box</type>
    <polygon>
      <pt>
        <x>272.54</x>
        <y>423.04</y>
      </pt>
      <pt>
        <x>420.80</x>
        <y>423.04</y>
      </pt>
      <pt>
        <x>420.80</x>
        <y>581.64</y>
      </pt>
      <pt>
        <x>272.54</x>
        <y>581.64</y>
      </pt>
      <username></username>
    </polygon>
    <attributes>rotation=0.0</attributes>
  </object>
</annotation>
