<annotation>
  <filename>5560377994_cb597a4af5_b.jpg</filename>
  <folder></folder>
  <source>
    <sourceImage></sourceImage>
    <sourceAnnotation>Datumaro</sourceAnnotation>
  </source>
  <imagesize>
    <nrows>956</nrows>
    <ncols>1024</ncols>
  </imagesize>
  <object>
    <name>balloon</name>
    <deleted>0</deleted>
    <verified>0</verified>
    <occluded>no</occluded>
    <date></date>
    <id>0</id>
    <parts>
      <hasparts></hasparts>
      <ispartof></ispartof>
    </parts>
    <type>bounding_box</type>
    <polygon>
      <pt>
        <x>276.98</x>
        <y>216.30</y>
      </pt>
      <pt>
        <x>331.70</x>
        <y>216.30</y>
      </pt>
      <pt>
        <x>331.70</x>
        <y>277.46</y>
      </pt>
      <pt>
        <x>276.98</x>
        <y>277.46</y>
      </pt>
      <username></username>
    </polygon>
    <attributes>rotation=0.0</attributes>
  </object>
  <object>
    <name>balloon</name>
    <deleted>0</deleted>
    <verified>0</verified>
    <occluded>no</occluded>
    <date></date>
    <id>1</id>
    <parts>
      <hasparts></hasparts>
      <ispartof></ispartof>
    </parts>
    <type>bounding_box</type>
    <polygon>
      <pt>
        <x>305.95</x>
        <y>245.27</y>
      </pt>
      <pt>
        <x>352.62</x>
        <y>245.27</y>
      </pt>
      <pt>
        <x>352.62</x>
        <y>301.60</y>
      </pt>
      <pt>
        <x>305.95</x>
        <y>301.60</y>
      </pt>
      <username></username>
    </polygon>
    <attributes>rotation=0.0</attributes>
  </object>
  <object>
    <name>balloon</name>
    <deleted>0</deleted>
    <verified>0</verified>
    <occluded>no</occluded>
    <date></date>
    <id>2</id>
    <parts>
      <hasparts></hasparts>
      <ispartof></ispartof>
    </parts>
    <type>bounding_box</type>
    <polygon>
      <pt>
        <x>396.07</x>
        <y>151.92</y>
      </pt>
      <pt>
        <x>507.12</x>
        <y>151.92</y>
      </pt>
      <pt>
        <x>507.12</x>
        <y>267.80</y>
      </pt>
      <pt>
        <x>396.07</x>
        <y>267.80</y>
      </pt>
      <username></username>
    </polygon>
    <attributes>rotation=0.0</attributes>
  </object>
  <object>
    <name>balloon</name>
    <deleted>0</deleted>
    <verified>0</verified>
    <occluded>no</occluded>
    <date></date>
    <id>3</id>
    <parts>
      <hasparts></hasparts>
      <ispartof></ispartof>
    </parts>
    <type>bounding_box</type>
    <polygon>
      <pt>
        <x>470.11</x>
        <y>29.61</y>
      </pt>
      <pt>
        <x>579.55</x>
        <y>29.61</y>
      </pt>
      <pt>
        <x>579.55</x>
        <y>155.14</y>
      </pt>
      <pt>
        <x>470.11</x>
        <y>155.14</y>
      </pt>
      <username></username>
    </polygon>
    <attributes>rotation=0.0</attributes>
  </object>
  <object>
    <name>balloon</name>
    <deleted>0</deleted>
    <verified>0</verified>
    <occluded>no</occluded>
    <date></date>
    <id>4</id>
    <parts>
      <hasparts></hasparts>
      <ispartof></ispartof>
    </parts>
    <type>bounding_box</type>
    <polygon>
      <pt>
        <x>563.45</x>
        <y>10.29</y>
      </pt>
      <pt>
        <x>705.08</x>
        <y>10.29</y>
      </pt>
      <pt>
        <x>705.08</x>
        <y>163.19</y>
      </pt>
      <pt>
        <x>563.45</x>
        <y>163.19</y>
      </pt>
      <username></username>
    </polygon>
    <attributes>rotation=0.0</attributes>
  </object>
  <object>
    <name>balloon</name>
    <deleted>0</deleted>
    <verified>0</verified>
    <occluded>no</occluded>
    <date></date>
    <id>5</id>
    <parts>
      <hasparts></hasparts>
      <ispartof></ispartof>
    </parts>
    <type>bounding_box</type>
    <polygon>
      <pt>
        <x>688.99</x>
        <y>34.43</y>
      </pt>
      <pt>
        <x>808.09</x>
        <y>34.43</y>
      </pt>
      <pt>
        <x>808.09</x>
        <y>172.85</y>
      </pt>
      <pt>
        <x>688.99</x>
        <y>172.85</y>
      </pt>
      <username></username>
    </polygon>
    <attributes>rotation=0.0</attributes>
  </object>
  <object>
    <name>balloon</name>
    <deleted>0</deleted>
    <verified>0</verified>
    <occluded>no</occluded>
    <date></date>
    <id>6</id>
    <parts>
      <hasparts></hasparts>
      <ispartof></ispartof>
    </parts>
    <type>bounding_box</type>
    <polygon>
      <pt>
        <x>758.19</x>
        <y>97.20</y>
      </pt>
      <pt>
        <x>862.81</x>
        <y>97.20</y>
      </pt>
      <pt>
        <x>862.81</x>
        <y>206.64</y>
      </pt>
      <pt>
        <x>758.19</x>
        <y>206.64</y>
      </pt>
      <username></username>
    </polygon>
    <attributes>rotation=0.0</attributes>
  </object>
  <object>
    <name>balloon</name>
    <deleted>0</deleted>
    <verified>0</verified>
    <occluded>no</occluded>
    <date></date>
    <id>7</id>
    <parts>
      <hasparts></hasparts>
      <ispartof></ispartof>
    </parts>
    <type>bounding_box</type>
    <polygon>
      <pt>
        <x>739.36</x>
        <y>182.23</y>
      </pt>
      <pt>
        <x>853.50</x>
        <y>182.23</y>
      </pt>
      <pt>
        <x>853.50</x>
        <y>281.48</y>
      </pt>
      <pt>
        <x>739.36</x>
        <y>281.48</y>
      </pt>
      <username></username>
    </polygon>
    <attributes>rotation=0.0</attributes>
  </object>
  <object>
    <name>balloon</name>
    <deleted>0</deleted>
    <verified>0</verified>
    <occluded>no</occluded>
    <date></date>
    <id>8</id>
    <parts>
      <hasparts></hasparts>
      <ispartof></ispartof>
    </parts>
    <type>bounding_box</type>
    <polygon>
      <pt>
        <x>665.60</x>
        <y>175.53</y>
      </pt>
      <pt>
        <x>751.57</x>
        <y>175.53</y>
      </pt>
      <pt>
        <x>751.57</x>
        <y>249.29</y>
      </pt>
      <pt>
        <x>665.60</x>
        <y>249.29</y>
      </pt>
      <username></username>
    </polygon>
    <attributes>rotation=0.0</attributes>
  </object>
  <object>
    <name>balloon</name>
    <deleted>0</deleted>
    <verified>0</verified>
    <occluded>no</occluded>
    <date></date>
    <id>9</id>
    <parts>
      <hasparts></hasparts>
      <ispartof></ispartof>
    </parts>
    <type>bounding_box</type>
    <polygon>
      <pt>
        <x>581.10</x>
        <y>150.04</y>
      </pt>
      <pt>
        <x>676.46</x>
        <y>150.04</y>
      </pt>
      <pt>
        <x>676.46</x>
        <y>233.20</y>
      </pt>
      <pt>
        <x>581.10</x>
        <y>233.20</y>
      </pt>
      <username></username>
    </polygon>
    <attributes>rotation=0.0</attributes>
  </object>
  <object>
    <name>balloon</name>
    <deleted>0</deleted>
    <verified>0</verified>
    <occluded>no</occluded>
    <date></date>
    <id>10</id>
    <parts>
      <hasparts></hasparts>
      <ispartof></ispartof>
    </parts>
    <type>bounding_box</type>
    <polygon>
      <pt>
        <x>480.51</x>
        <y>139.31</y>
      </pt>
      <pt>
        <x>593.31</x>
        <y>139.31</y>
      </pt>
      <pt>
        <x>593.31</x>
        <y>203.69</y>
      </pt>
      <pt>
        <x>480.51</x>
        <y>203.69</y>
      </pt>
      <username></username>
    </polygon>
    <attributes>rotation=0.0</attributes>
  </object>
  <object>
    <name>balloon</name>
    <deleted>0</deleted>
    <verified>0</verified>
    <occluded>no</occluded>
    <date></date>
    <id>11</id>
    <parts>
      <hasparts></hasparts>
      <ispartof></ispartof>
    </parts>
    <type>bounding_box</type>
    <polygon>
      <pt>
        <x>503.31</x>
        <y>194.30</y>
      </pt>
      <pt>
        <x>594.65</x>
        <y>194.30</y>
      </pt>
      <pt>
        <x>594.65</x>
        <y>256.00</y>
      </pt>
      <pt>
        <x>503.31</x>
        <y>256.00</y>
      </pt>
      <username></username>
    </polygon>
    <attributes>rotation=0.0</attributes>
  </object>
  <object>
    <name>balloon</name>
    <deleted>0</deleted>
    <verified>0</verified>
    <occluded>no</occluded>
    <date></date>
    <id>12</id>
    <parts>
      <hasparts></hasparts>
      <ispartof></ispartof>
    </parts>
    <type>bounding_box</type>
    <polygon>
      <pt>
        <x>583.79</x>
        <y>222.47</y>
      </pt>
      <pt>
        <x>684.51</x>
        <y>222.47</y>
      </pt>
      <pt>
        <x>684.51</x>
        <y>293.55</y>
      </pt>
      <pt>
        <x>583.79</x>
        <y>293.55</y>
      </pt>
      <username></username>
    </polygon>
    <attributes>rotation=0.0</attributes>
  </object>
  <object>
    <name>balloon</name>
    <deleted>0</deleted>
    <verified>0</verified>
    <occluded>no</occluded>
    <date></date>
    <id>13</id>
    <parts>
      <hasparts></hasparts>
      <ispartof></ispartof>
    </parts>
    <type>bounding_box</type>
    <polygon>
      <pt>
        <x>685.72</x>
        <y>241.25</y>
      </pt>
      <pt>
        <x>775.71</x>
        <y>241.25</y>
      </pt>
      <pt>
        <x>775.71</x>
        <y>309.65</y>
      </pt>
      <pt>
        <x>685.72</x>
        <y>309.65</y>
      </pt>
      <username></username>
    </polygon>
    <attributes>rotation=0.0</attributes>
  </object>
</annotation>
