<annotation>
  <filename>605521662_a470fef77f_b.jpg</filename>
  <folder></folder>
  <source>
    <sourceImage></sourceImage>
    <sourceAnnotation>Datumaro</sourceAnnotation>
  </source>
  <imagesize>
    <nrows>1024</nrows>
    <ncols>768</ncols>
  </imagesize>
  <object>
    <name>balloon</name>
    <deleted>0</deleted>
    <verified>0</verified>
    <occluded>no</occluded>
    <date></date>
    <id>0</id>
    <parts>
      <hasparts></hasparts>
      <ispartof></ispartof>
    </parts>
    <type>bounding_box</type>
    <polygon>
      <pt>
        <x>345.98</x>
        <y>367.87</y>
      </pt>
      <pt>
        <x>489.24</x>
        <y>367.87</y>
      </pt>
      <pt>
        <x>489.24</x>
        <y>528.20</y>
      </pt>
      <pt>
        <x>345.98</x>
        <y>528.20</y>
      </pt>
      <username></username>
    </polygon>
    <attributes>rotation=0.0</attributes>
  </object>
  <object>
    <name>balloon</name>
    <deleted>0</deleted>
    <verified>0</verified>
    <occluded>no</occluded>
    <date></date>
    <id>1</id>
    <parts>
      <hasparts></hasparts>
      <ispartof></ispartof>
    </parts>
    <type>bounding_box</type>
    <polygon>
      <pt>
        <x>328.74</x>
        <y>588.53</y>
      </pt>
      <pt>
        <x>449.59</x>
        <y>588.53</y>
      </pt>
      <pt>
        <x>449.59</x>
        <y>702.31</y>
      </pt>
      <pt>
        <x>328.74</x>
        <y>702.31</y>
      </pt>
      <username></username>
    </polygon>
    <attributes>rotation=0.0</attributes>
  </object>
  <object>
    <name>balloon</name>
    <deleted>0</deleted>
    <verified>0</verified>
    <occluded>no</occluded>
    <date></date>
    <id>2</id>
    <parts>
      <hasparts></hasparts>
      <ispartof></ispartof>
    </parts>
    <type>bounding_box</type>
    <polygon>
      <pt>
        <x>345.98</x>
        <y>695.42</y>
      </pt>
      <pt>
        <x>454.76</x>
        <y>695.42</y>
      </pt>
      <pt>
        <x>454.76</x>
        <y>810.92</y>
      </pt>
      <pt>
        <x>345.98</x>
        <y>810.92</y>
      </pt>
      <username></username>
    </polygon>
    <attributes>rotation=0.0</attributes>
  </object>
</annotation>
