<annotation>
  <filename>7178882742_f090f3ce56_k.jpg</filename>
  <folder></folder>
  <source>
    <sourceImage></sourceImage>
    <sourceAnnotation>Datumaro</sourceAnnotation>
  </source>
  <imagesize>
    <nrows>1360</nrows>
    <ncols>2048</ncols>
  </imagesize>
  <object>
    <name>balloon</name>
    <deleted>0</deleted>
    <verified>0</verified>
    <occluded>no</occluded>
    <date></date>
    <id>0</id>
    <parts>
      <hasparts></hasparts>
      <ispartof></ispartof>
    </parts>
    <type>bounding_box</type>
    <polygon>
      <pt>
        <x>662.06</x>
        <y>241.24</y>
      </pt>
      <pt>
        <x>1408.69</x>
        <y>241.24</y>
      </pt>
      <pt>
        <x>1408.69</x>
        <y>994.50</y>
      </pt>
      <pt>
        <x>662.06</x>
        <y>994.50</y>
      </pt>
      <username></username>
    </polygon>
    <attributes>rotation=0.0</attributes>
  </object>
  <object>
    <name>balloon</name>
    <deleted>0</deleted>
    <verified>0</verified>
    <occluded>no</occluded>
    <date></date>
    <id>1</id>
    <parts>
      <hasparts></hasparts>
      <ispartof></ispartof>
    </parts>
    <type>bounding_box</type>
    <polygon>
      <pt>
        <x>1243.61</x>
        <y>408.38</y>
      </pt>
      <pt>
        <x>1683.43</x>
        <y>408.38</y>
      </pt>
      <pt>
        <x>1683.43</x>
        <y>930.40</y>
      </pt>
      <pt>
        <x>1243.61</x>
        <y>930.40</y>
      </pt>
      <username></username>
    </polygon>
    <attributes>rotation=0.0</attributes>
  </object>
  <object>
    <name>balloon</name>
    <deleted>0</deleted>
    <verified>0</verified>
    <occluded>no</occluded>
    <date></date>
    <id>2</id>
    <parts>
      <hasparts></hasparts>
      <ispartof></ispartof>
    </parts>
    <type>bounding_box</type>
    <polygon>
      <pt>
        <x>579.64</x>
        <y>401.51</y>
      </pt>
      <pt>
        <x>737.84</x>
        <y>401.51</y>
      </pt>
      <pt>
        <x>737.84</x>
        <y>829.66</y>
      </pt>
      <pt>
        <x>579.64</x>
        <y>829.66</y>
      </pt>
      <username></username>
    </polygon>
    <attributes>rotation=0.0</attributes>
  </object>
</annotation>
