<annotation>
  <filename>7488015492_0583857ca0_k.jpg</filename>
  <folder></folder>
  <source>
    <sourceImage></sourceImage>
    <sourceAnnotation>Datumaro</sourceAnnotation>
  </source>
  <imagesize>
    <nrows>1429</nrows>
    <ncols>2048</ncols>
  </imagesize>
  <object>
    <name>balloon</name>
    <deleted>0</deleted>
    <verified>0</verified>
    <occluded>no</occluded>
    <date></date>
    <id>0</id>
    <parts>
      <hasparts></hasparts>
      <ispartof></ispartof>
    </parts>
    <type>bounding_box</type>
    <polygon>
      <pt>
        <x>530.70</x>
        <y>345.08</y>
      </pt>
      <pt>
        <x>1223.55</x>
        <y>345.08</y>
      </pt>
      <pt>
        <x>1223.55</x>
        <y>1196.99</y>
      </pt>
      <pt>
        <x>530.70</x>
        <y>1196.99</y>
      </pt>
      <username></username>
    </polygon>
    <attributes>rotation=0.0</attributes>
  </object>
  <object>
    <name>balloon</name>
    <deleted>0</deleted>
    <verified>0</verified>
    <occluded>no</occluded>
    <date></date>
    <id>1</id>
    <parts>
      <hasparts></hasparts>
      <ispartof></ispartof>
    </parts>
    <type>bounding_box</type>
    <polygon>
      <pt>
        <x>383.47</x>
        <y>841.62</y>
      </pt>
      <pt>
        <x>597.10</x>
        <y>841.62</y>
      </pt>
      <pt>
        <x>597.10</x>
        <y>1139.26</y>
      </pt>
      <pt>
        <x>383.47</x>
        <y>1139.26</y>
      </pt>
      <username></username>
    </polygon>
    <attributes>rotation=0.0</attributes>
  </object>
  <object>
    <name>balloon</name>
    <deleted>0</deleted>
    <verified>0</verified>
    <occluded>no</occluded>
    <date></date>
    <id>2</id>
    <parts>
      <hasparts></hasparts>
      <ispartof></ispartof>
    </parts>
    <type>bounding_box</type>
    <polygon>
      <pt>
        <x>198.71</x>
        <y>858.94</y>
      </pt>
      <pt>
        <x>409.45</x>
        <y>858.94</y>
      </pt>
      <pt>
        <x>409.45</x>
        <y>1130.59</y>
      </pt>
      <pt>
        <x>198.71</x>
        <y>1130.59</y>
      </pt>
      <username></username>
    </polygon>
    <attributes>rotation=0.0</attributes>
  </object>
  <object>
    <name>balloon</name>
    <deleted>0</deleted>
    <verified>0</verified>
    <occluded>no</occluded>
    <date></date>
    <id>3</id>
    <parts>
      <hasparts></hasparts>
      <ispartof></ispartof>
    </parts>
    <type>bounding_box</type>
    <polygon>
      <pt>
        <x>793.41</x>
        <y>1003.28</y>
      </pt>
      <pt>
        <x>1575.75</x>
        <y>1003.28</y>
      </pt>
      <pt>
        <x>1575.75</x>
        <y>1429.00</y>
      </pt>
      <pt>
        <x>793.41</x>
        <y>1429.00</y>
      </pt>
      <username></username>
    </polygon>
    <attributes>rotation=0.0</attributes>
  </object>
</annotation>
