<annotation>
  <filename>8758393087_76fcd56bd3_k.jpg</filename>
  <folder></folder>
  <source>
    <sourceImage></sourceImage>
    <sourceAnnotation>Datumaro</sourceAnnotation>
  </source>
  <imagesize>
    <nrows>1365</nrows>
    <ncols>2048</ncols>
  </imagesize>
  <object>
    <name>balloon</name>
    <deleted>0</deleted>
    <verified>0</verified>
    <occluded>no</occluded>
    <date></date>
    <id>0</id>
    <parts>
      <hasparts></hasparts>
      <ispartof></ispartof>
    </parts>
    <type>bounding_box</type>
    <polygon>
      <pt>
        <x>803.35</x>
        <y>143.37</y>
      </pt>
      <pt>
        <x>1382.44</x>
        <y>143.37</y>
      </pt>
      <pt>
        <x>1382.44</x>
        <y>713.27</y>
      </pt>
      <pt>
        <x>803.35</x>
        <y>713.27</y>
      </pt>
      <username></username>
    </polygon>
    <attributes>rotation=0.0</attributes>
  </object>
  <object>
    <name>balloon</name>
    <deleted>0</deleted>
    <verified>0</verified>
    <occluded>no</occluded>
    <date></date>
    <id>1</id>
    <parts>
      <hasparts></hasparts>
      <ispartof></ispartof>
    </parts>
    <type>bounding_box</type>
    <polygon>
      <pt>
        <x>1253.76</x>
        <y>99.71</y>
      </pt>
      <pt>
        <x>1754.72</x>
        <y>99.71</y>
      </pt>
      <pt>
        <x>1754.72</x>
        <y>690.29</y>
      </pt>
      <pt>
        <x>1253.76</x>
        <y>690.29</y>
      </pt>
      <username></username>
    </polygon>
    <attributes>rotation=0.0</attributes>
  </object>
  <object>
    <name>balloon</name>
    <deleted>0</deleted>
    <verified>0</verified>
    <occluded>no</occluded>
    <date></date>
    <id>2</id>
    <parts>
      <hasparts></hasparts>
      <ispartof></ispartof>
    </parts>
    <type>bounding_box</type>
    <polygon>
      <pt>
        <x>1823.66</x>
        <y>88.22</y>
      </pt>
      <pt>
        <x>2048.00</x>
        <y>88.22</y>
      </pt>
      <pt>
        <x>2048.00</x>
        <y>676.51</y>
      </pt>
      <pt>
        <x>1823.66</x>
        <y>676.51</y>
      </pt>
      <username></username>
    </polygon>
    <attributes>rotation=0.0</attributes>
  </object>
  <object>
    <name>balloon</name>
    <deleted>0</deleted>
    <verified>0</verified>
    <occluded>no</occluded>
    <date></date>
    <id>3</id>
    <parts>
      <hasparts></hasparts>
      <ispartof></ispartof>
    </parts>
    <type>bounding_box</type>
    <polygon>
      <pt>
        <x>1531.81</x>
        <y>619.06</y>
      </pt>
      <pt>
        <x>2048.00</x>
        <y>619.06</y>
      </pt>
      <pt>
        <x>2048.00</x>
        <y>1034.99</y>
      </pt>
      <pt>
        <x>1531.81</x>
        <y>1034.99</y>
      </pt>
      <username></username>
    </polygon>
    <attributes>rotation=0.0</attributes>
  </object>
  <object>
    <name>balloon</name>
    <deleted>0</deleted>
    <verified>0</verified>
    <occluded>no</occluded>
    <date></date>
    <id>4</id>
    <parts>
      <hasparts></hasparts>
      <ispartof></ispartof>
    </parts>
    <type>bounding_box</type>
    <polygon>
      <pt>
        <x>1557.09</x>
        <y>855.75</y>
      </pt>
      <pt>
        <x>2046.56</x>
        <y>855.75</y>
      </pt>
      <pt>
        <x>2046.56</x>
        <y>1361.30</y>
      </pt>
      <pt>
        <x>1557.09</x>
        <y>1361.30</y>
      </pt>
      <username></username>
    </polygon>
    <attributes>rotation=0.0</attributes>
  </object>
</annotation>
