<annotation>
  <filename>12288043903_fe1ea17a4e_k.jpg</filename>
  <folder></folder>
  <source>
    <sourceImage></sourceImage>
    <sourceAnnotation>Datumaro</sourceAnnotation>
  </source>
  <imagesize>
    <nrows>1594</nrows>
    <ncols>2048</ncols>
  </imagesize>
  <object>
    <name>balloon</name>
    <deleted>0</deleted>
    <verified>0</verified>
    <occluded>no</occluded>
    <date></date>
    <id>0</id>
    <parts>
      <hasparts></hasparts>
      <ispartof></ispartof>
    </parts>
    <type>bounding_box</type>
    <polygon>
      <pt>
        <x>213.45</x>
        <y>613.03</y>
      </pt>
      <pt>
        <x>1023.87</x>
        <y>613.03</y>
      </pt>
      <pt>
        <x>1023.87</x>
        <y>1359.04</y>
      </pt>
      <pt>
        <x>213.45</x>
        <y>1359.04</y>
      </pt>
      <username></username>
    </polygon>
    <attributes>rotation=0.0</attributes>
  </object>
</annotation>
