<annotation>
  <filename>14321263043_b76ef054d3_k.jpg</filename>
  <folder></folder>
  <source>
    <sourceImage></sourceImage>
    <sourceAnnotation>Datumaro</sourceAnnotation>
  </source>
  <imagesize>
    <nrows>1356</nrows>
    <ncols>2048</ncols>
  </imagesize>
  <object>
    <name>balloon</name>
    <deleted>0</deleted>
    <verified>0</verified>
    <occluded>no</occluded>
    <date></date>
    <id>0</id>
    <parts>
      <hasparts></hasparts>
      <ispartof></ispartof>
    </parts>
    <type>bounding_box</type>
    <polygon>
      <pt>
        <x>594.78</x>
        <y>0.00</y>
      </pt>
      <pt>
        <x>845.89</x>
        <y>0.00</y>
      </pt>
      <pt>
        <x>845.89</x>
        <y>288.65</y>
      </pt>
      <pt>
        <x>594.78</x>
        <y>288.65</y>
      </pt>
      <username></username>
    </polygon>
    <attributes>rotation=0.0</attributes>
  </object>
</annotation>
