<annotation>
  <filename>17178818589_16e58fc1e5_k.jpg</filename>
  <folder></folder>
  <source>
    <sourceImage></sourceImage>
    <sourceAnnotation>Datumaro</sourceAnnotation>
  </source>
  <imagesize>
    <nrows>1536</nrows>
    <ncols>2048</ncols>
  </imagesize>
  <object>
    <name>balloon</name>
    <deleted>0</deleted>
    <verified>0</verified>
    <occluded>no</occluded>
    <date></date>
    <id>0</id>
    <parts>
      <hasparts></hasparts>
      <ispartof></ispartof>
    </parts>
    <type>bounding_box</type>
    <polygon>
      <pt>
        <x>209.45</x>
        <y>929.35</y>
      </pt>
      <pt>
        <x>558.54</x>
        <y>929.35</y>
      </pt>
      <pt>
        <x>558.54</x>
        <y>1379.29</y>
      </pt>
      <pt>
        <x>209.45</x>
        <y>1379.29</y>
      </pt>
      <username></username>
    </polygon>
    <attributes>rotation=0.0</attributes>
  </object>
  <object>
    <name>balloon</name>
    <deleted>0</deleted>
    <verified>0</verified>
    <occluded>no</occluded>
    <date></date>
    <id>1</id>
    <parts>
      <hasparts></hasparts>
      <ispartof></ispartof>
    </parts>
    <type>bounding_box</type>
    <polygon>
      <pt>
        <x>403.39</x>
        <y>469.07</y>
      </pt>
      <pt>
        <x>726.62</x>
        <y>469.07</y>
      </pt>
      <pt>
        <x>726.62</x>
        <y>864.70</y>
      </pt>
      <pt>
        <x>403.39</x>
        <y>864.70</y>
      </pt>
      <username></username>
    </polygon>
    <attributes>rotation=0.0</attributes>
  </object>
  <object>
    <name>balloon</name>
    <deleted>0</deleted>
    <verified>0</verified>
    <occluded>no</occluded>
    <date></date>
    <id>2</id>
    <parts>
      <hasparts></hasparts>
      <ispartof></ispartof>
    </parts>
    <type>bounding_box</type>
    <polygon>
      <pt>
        <x>488.72</x>
        <y>810.40</y>
      </pt>
      <pt>
        <x>827.47</x>
        <y>810.40</y>
      </pt>
      <pt>
        <x>827.47</x>
        <y>1213.79</y>
      </pt>
      <pt>
        <x>488.72</x>
        <y>1213.79</y>
      </pt>
      <username></username>
    </polygon>
    <attributes>rotation=0.0</attributes>
  </object>
  <object>
    <name>balloon</name>
    <deleted>0</deleted>
    <verified>0</verified>
    <occluded>no</occluded>
    <date></date>
    <id>3</id>
    <parts>
      <hasparts></hasparts>
      <ispartof></ispartof>
    </parts>
    <type>bounding_box</type>
    <polygon>
      <pt>
        <x>752.48</x>
        <y>192.38</y>
      </pt>
      <pt>
        <x>1422.21</x>
        <y>192.38</y>
      </pt>
      <pt>
        <x>1422.21</x>
        <y>1094.84</y>
      </pt>
      <pt>
        <x>752.48</x>
        <y>1094.84</y>
      </pt>
      <username></username>
    </polygon>
    <attributes>rotation=0.0</attributes>
  </object>
  <object>
    <name>balloon</name>
    <deleted>0</deleted>
    <verified>0</verified>
    <occluded>no</occluded>
    <date></date>
    <id>4</id>
    <parts>
      <hasparts></hasparts>
      <ispartof></ispartof>
    </parts>
    <type>bounding_box</type>
    <polygon>
      <pt>
        <x>1031.75</x>
        <y>60.50</y>
      </pt>
      <pt>
        <x>1582.54</x>
        <y>60.50</y>
      </pt>
      <pt>
        <x>1582.54</x>
        <y>802.64</y>
      </pt>
      <pt>
        <x>1031.75</x>
        <y>802.64</y>
      </pt>
      <username></username>
    </polygon>
    <attributes>rotation=0.0</attributes>
  </object>
  <object>
    <name>balloon</name>
    <deleted>0</deleted>
    <verified>0</verified>
    <occluded>no</occluded>
    <date></date>
    <id>5</id>
    <parts>
      <hasparts></hasparts>
      <ispartof></ispartof>
    </parts>
    <type>bounding_box</type>
    <polygon>
      <pt>
        <x>1290.33</x>
        <y>417.35</y>
      </pt>
      <pt>
        <x>1693.73</x>
        <y>417.35</y>
      </pt>
      <pt>
        <x>1693.73</x>
        <y>1043.13</y>
      </pt>
      <pt>
        <x>1290.33</x>
        <y>1043.13</y>
      </pt>
      <username></username>
    </polygon>
    <attributes>rotation=0.0</attributes>
  </object>
  <object>
    <name>balloon</name>
    <deleted>0</deleted>
    <verified>0</verified>
    <occluded>no</occluded>
    <date></date>
    <id>6</id>
    <parts>
      <hasparts></hasparts>
      <ispartof></ispartof>
    </parts>
    <type>bounding_box</type>
    <polygon>
      <pt>
        <x>1510.13</x>
        <y>492.34</y>
      </pt>
      <pt>
        <x>1905.77</x>
        <y>492.34</y>
      </pt>
      <pt>
        <x>1905.77</x>
        <y>1019.85</y>
      </pt>
      <pt>
        <x>1510.13</x>
        <y>1019.85</y>
      </pt>
      <username></username>
    </polygon>
    <attributes>rotation=0.0</attributes>
  </object>
</annotation>
