<annotation>
  <filename>2311771643_f46392fcc0_b.jpg</filename>
  <folder></folder>
  <source>
    <sourceImage></sourceImage>
    <sourceAnnotation>Datumaro</sourceAnnotation>
  </source>
  <imagesize>
    <nrows>681</nrows>
    <ncols>1024</ncols>
  </imagesize>
  <object>
    <name>balloon</name>
    <deleted>0</deleted>
    <verified>0</verified>
    <occluded>no</occluded>
    <date></date>
    <id>0</id>
    <parts>
      <hasparts></hasparts>
      <ispartof></ispartof>
    </parts>
    <type>bounding_box</type>
    <polygon>
      <pt>
        <x>358.37</x>
        <y>226.29</y>
      </pt>
      <pt>
        <x>479.89</x>
        <y>226.29</y>
      </pt>
      <pt>
        <x>479.89</x>
        <y>369.60</y>
      </pt>
      <pt>
        <x>358.37</x>
        <y>369.60</y>
      </pt>
      <username></username>
    </polygon>
    <attributes>rotation=0.0</attributes>
  </object>
  <object>
    <name>balloon</name>
    <deleted>0</deleted>
    <verified>0</verified>
    <occluded>no</occluded>
    <date></date>
    <id>1</id>
    <parts>
      <hasparts></hasparts>
      <ispartof></ispartof>
    </parts>
    <type>bounding_box</type>
    <polygon>
      <pt>
        <x>359.51</x>
        <y>602.33</y>
      </pt>
      <pt>
        <x>417.98</x>
        <y>602.33</y>
      </pt>
      <pt>
        <x>417.98</x>
        <y>669.97</y>
      </pt>
      <pt>
        <x>359.51</x>
        <y>669.97</y>
      </pt>
      <username></username>
    </polygon>
    <attributes>rotation=0.0</attributes>
  </object>
  <object>
    <name>balloon</name>
    <deleted>0</deleted>
    <verified>0</verified>
    <occluded>no</occluded>
    <date></date>
    <id>2</id>
    <parts>
      <hasparts></hasparts>
      <ispartof></ispartof>
    </parts>
    <type>bounding_box</type>
    <polygon>
      <pt>
        <x>437.47</x>
        <y>604.63</y>
      </pt>
      <pt>
        <x>498.23</x>
        <y>604.63</y>
      </pt>
      <pt>
        <x>498.23</x>
        <y>667.68</y>
      </pt>
      <pt>
        <x>437.47</x>
        <y>667.68</y>
      </pt>
      <username></username>
    </polygon>
    <attributes>rotation=0.0</attributes>
  </object>
  <object>
    <name>balloon</name>
    <deleted>0</deleted>
    <verified>0</verified>
    <occluded>no</occluded>
    <date></date>
    <id>3</id>
    <parts>
      <hasparts></hasparts>
      <ispartof></ispartof>
    </parts>
    <type>bounding_box</type>
    <polygon>
      <pt>
        <x>565.88</x>
        <y>604.63</y>
      </pt>
      <pt>
        <x>634.66</x>
        <y>604.63</y>
      </pt>
      <pt>
        <x>634.66</x>
        <y>673.41</y>
      </pt>
      <pt>
        <x>565.88</x>
        <y>673.41</y>
      </pt>
      <username></username>
    </polygon>
    <attributes>rotation=0.0</attributes>
  </object>
</annotation>
