<annotation>
  <filename>2385899600_94b68350af_b.jpg</filename>
  <folder></folder>
  <source>
    <sourceImage></sourceImage>
    <sourceAnnotation>Datumaro</sourceAnnotation>
  </source>
  <imagesize>
    <nrows>576</nrows>
    <ncols>1024</ncols>
  </imagesize>
  <object>
    <name>balloon</name>
    <deleted>0</deleted>
    <verified>0</verified>
    <occluded>no</occluded>
    <date></date>
    <id>0</id>
    <parts>
      <hasparts></hasparts>
      <ispartof></ispartof>
    </parts>
    <type>bounding_box</type>
    <polygon>
      <pt>
        <x>427.45</x>
        <y>47.17</y>
      </pt>
      <pt>
        <x>985.99</x>
        <y>47.17</y>
      </pt>
      <pt>
        <x>985.99</x>
        <y>576.00</y>
      </pt>
      <pt>
        <x>427.45</x>
        <y>576.00</y>
      </pt>
      <username></username>
    </polygon>
    <attributes>rotation=0.0</attributes>
  </object>
</annotation>
