<annotation>
  <filename>24362039530_b151b41a52_k.jpg</filename>
  <folder></folder>
  <source>
    <sourceImage></sourceImage>
    <sourceAnnotation>Datumaro</sourceAnnotation>
  </source>
  <imagesize>
    <nrows>2048</nrows>
    <ncols>1536</ncols>
  </imagesize>
  <object>
    <name>balloon</name>
    <deleted>0</deleted>
    <verified>0</verified>
    <occluded>no</occluded>
    <date></date>
    <id>0</id>
    <parts>
      <hasparts></hasparts>
      <ispartof></ispartof>
    </parts>
    <type>bounding_box</type>
    <polygon>
      <pt>
        <x>588.71</x>
        <y>491.13</y>
      </pt>
      <pt>
        <x>919.70</x>
        <y>491.13</y>
      </pt>
      <pt>
        <x>919.70</x>
        <y>918.66</y>
      </pt>
      <pt>
        <x>588.71</x>
        <y>918.66</y>
      </pt>
      <username></username>
    </polygon>
    <attributes>rotation=0.0</attributes>
  </object>
</annotation>
