<annotation>
  <filename>2937599387_80e7d6e050_b.jpg</filename>
  <folder></folder>
  <source>
    <sourceImage></sourceImage>
    <sourceAnnotation>Datumaro</sourceAnnotation>
  </source>
  <imagesize>
    <nrows>685</nrows>
    <ncols>1024</ncols>
  </imagesize>
  <object>
    <name>balloon</name>
    <deleted>0</deleted>
    <verified>0</verified>
    <occluded>no</occluded>
    <date></date>
    <id>0</id>
    <parts>
      <hasparts></hasparts>
      <ispartof></ispartof>
    </parts>
    <type>bounding_box</type>
    <polygon>
      <pt>
        <x>517.75</x>
        <y>266.81</y>
      </pt>
      <pt>
        <x>562.70</x>
        <y>266.81</y>
      </pt>
      <pt>
        <x>562.70</x>
        <y>315.24</y>
      </pt>
      <pt>
        <x>517.75</x>
        <y>315.24</y>
      </pt>
      <username></username>
    </polygon>
    <attributes>rotation=0.0</attributes>
  </object>
</annotation>
