<annotation>
  <filename>321888854_3723b6f10b_b.jpg</filename>
  <folder></folder>
  <source>
    <sourceImage></sourceImage>
    <sourceAnnotation>Datumaro</sourceAnnotation>
  </source>
  <imagesize>
    <nrows>768</nrows>
    <ncols>1024</ncols>
  </imagesize>
  <object>
    <name>balloon</name>
    <deleted>0</deleted>
    <verified>0</verified>
    <occluded>no</occluded>
    <date></date>
    <id>0</id>
    <parts>
      <hasparts></hasparts>
      <ispartof></ispartof>
    </parts>
    <type>bounding_box</type>
    <polygon>
      <pt>
        <x>115.06</x>
        <y>272.02</y>
      </pt>
      <pt>
        <x>475.79</x>
        <y>272.02</y>
      </pt>
      <pt>
        <x>475.79</x>
        <y>612.06</y>
      </pt>
      <pt>
        <x>115.06</x>
        <y>612.06</y>
      </pt>
      <username></username>
    </polygon>
    <attributes>rotation=0.0</attributes>
  </object>
  <object>
    <name>balloon</name>
    <deleted>0</deleted>
    <verified>0</verified>
    <occluded>no</occluded>
    <date></date>
    <id>1</id>
    <parts>
      <hasparts></hasparts>
      <ispartof></ispartof>
    </parts>
    <type>bounding_box</type>
    <polygon>
      <pt>
        <x>393.04</x>
        <y>137.56</y>
      </pt>
      <pt>
        <x>674.90</x>
        <y>137.56</y>
      </pt>
      <pt>
        <x>674.90</x>
        <y>385.80</y>
      </pt>
      <pt>
        <x>393.04</x>
        <y>385.80</y>
      </pt>
      <username></username>
    </polygon>
    <attributes>rotation=0.0</attributes>
  </object>
  <object>
    <name>balloon</name>
    <deleted>0</deleted>
    <verified>0</verified>
    <occluded>no</occluded>
    <date></date>
    <id>2</id>
    <parts>
      <hasparts></hasparts>
      <ispartof></ispartof>
    </parts>
    <type>bounding_box</type>
    <polygon>
      <pt>
        <x>459.00</x>
        <y>269.44</y>
      </pt>
      <pt>
        <x>760.23</x>
        <y>269.44</y>
      </pt>
      <pt>
        <x>760.23</x>
        <y>565.52</y>
      </pt>
      <pt>
        <x>459.00</x>
        <y>565.52</y>
      </pt>
      <username></username>
    </polygon>
    <attributes>rotation=0.0</attributes>
  </object>
</annotation>
