<annotation>
  <filename>3342804367_f43682bb80_b.jpg</filename>
  <folder></folder>
  <source>
    <sourceImage></sourceImage>
    <sourceAnnotation>Datumaro</sourceAnnotation>
  </source>
  <imagesize>
    <nrows>1024</nrows>
    <ncols>790</ncols>
  </imagesize>
  <object>
    <name>balloon</name>
    <deleted>0</deleted>
    <verified>0</verified>
    <occluded>no</occluded>
    <date></date>
    <id>0</id>
    <parts>
      <hasparts></hasparts>
      <ispartof></ispartof>
    </parts>
    <type>bounding_box</type>
    <polygon>
      <pt>
        <x>727.65</x>
        <y>314.43</y>
      </pt>
      <pt>
        <x>787.99</x>
        <y>314.43</y>
      </pt>
      <pt>
        <x>787.99</x>
        <y>407.52</y>
      </pt>
      <pt>
        <x>727.65</x>
        <y>407.52</y>
      </pt>
      <username></username>
    </polygon>
    <attributes>rotation=0.0</attributes>
  </object>
</annotation>
