<annotation>
  <filename>34020010494_e5cb88e1c4_k.jpg</filename>
  <folder></folder>
  <source>
    <sourceImage></sourceImage>
    <sourceAnnotation>Datumaro</sourceAnnotation>
  </source>
  <imagesize>
    <nrows>1536</nrows>
    <ncols>2048</ncols>
  </imagesize>
  <object>
    <name>balloon</name>
    <deleted>0</deleted>
    <verified>0</verified>
    <occluded>no</occluded>
    <date></date>
    <id>0</id>
    <parts>
      <hasparts></hasparts>
      <ispartof></ispartof>
    </parts>
    <type>bounding_box</type>
    <polygon>
      <pt>
        <x>995.55</x>
        <y>613.87</y>
      </pt>
      <pt>
        <x>1442.90</x>
        <y>613.87</y>
      </pt>
      <pt>
        <x>1442.90</x>
        <y>1159.49</y>
      </pt>
      <pt>
        <x>995.55</x>
        <y>1159.49</y>
      </pt>
      <username></username>
    </polygon>
    <attributes>rotation=0.0</attributes>
  </object>
</annotation>
