<annotation>
  <filename>3927754171_9011487133_b.jpg</filename>
  <folder></folder>
  <source>
    <sourceImage></sourceImage>
    <sourceAnnotation>Datumaro</sourceAnnotation>
  </source>
  <imagesize>
    <nrows>681</nrows>
    <ncols>1024</ncols>
  </imagesize>
  <object>
    <name>balloon</name>
    <deleted>0</deleted>
    <verified>0</verified>
    <occluded>no</occluded>
    <date></date>
    <id>0</id>
    <parts>
      <hasparts></hasparts>
      <ispartof></ispartof>
    </parts>
    <type>bounding_box</type>
    <polygon>
      <pt>
        <x>301.04</x>
        <y>127.70</y>
      </pt>
      <pt>
        <x>536.07</x>
        <y>127.70</y>
      </pt>
      <pt>
        <x>536.07</x>
        <y>368.45</y>
      </pt>
      <pt>
        <x>301.04</x>
        <y>368.45</y>
      </pt>
      <username></username>
    </polygon>
    <attributes>rotation=0.0</attributes>
  </object>
  <object>
    <name>balloon</name>
    <deleted>0</deleted>
    <verified>0</verified>
    <occluded>no</occluded>
    <date></date>
    <id>1</id>
    <parts>
      <hasparts></hasparts>
      <ispartof></ispartof>
    </parts>
    <type>bounding_box</type>
    <polygon>
      <pt>
        <x>547.53</x>
        <y>168.97</y>
      </pt>
      <pt>
        <x>783.70</x>
        <y>168.97</y>
      </pt>
      <pt>
        <x>783.70</x>
        <y>406.29</y>
      </pt>
      <pt>
        <x>547.53</x>
        <y>406.29</y>
      </pt>
      <username></username>
    </polygon>
    <attributes>rotation=0.0</attributes>
  </object>
</annotation>
