<annotation>
  <filename>3945575930_ce99a7e98d_b.jpg</filename>
  <folder></folder>
  <source>
    <sourceImage></sourceImage>
    <sourceAnnotation>Datumaro</sourceAnnotation>
  </source>
  <imagesize>
    <nrows>725</nrows>
    <ncols>1024</ncols>
  </imagesize>
  <object>
    <name>balloon</name>
    <deleted>0</deleted>
    <verified>0</verified>
    <occluded>no</occluded>
    <date></date>
    <id>0</id>
    <parts>
      <hasparts></hasparts>
      <ispartof></ispartof>
    </parts>
    <type>bounding_box</type>
    <polygon>
      <pt>
        <x>53.08</x>
        <y>105.44</y>
      </pt>
      <pt>
        <x>366.75</x>
        <y>105.44</y>
      </pt>
      <pt>
        <x>366.75</x>
        <y>369.07</y>
      </pt>
      <pt>
        <x>53.08</x>
        <y>369.07</y>
      </pt>
      <username></username>
    </polygon>
    <attributes>rotation=0.0</attributes>
  </object>
  <object>
    <name>balloon</name>
    <deleted>0</deleted>
    <verified>0</verified>
    <occluded>no</occluded>
    <date></date>
    <id>1</id>
    <parts>
      <hasparts></hasparts>
      <ispartof></ispartof>
    </parts>
    <type>bounding_box</type>
    <polygon>
      <pt>
        <x>266.67</x>
        <y>144.49</y>
      </pt>
      <pt>
        <x>748.78</x>
        <y>144.49</y>
      </pt>
      <pt>
        <x>748.78</x>
        <y>509.44</y>
      </pt>
      <pt>
        <x>266.67</x>
        <y>509.44</y>
      </pt>
      <username></username>
    </polygon>
    <attributes>rotation=0.0</attributes>
  </object>
  <object>
    <name>balloon</name>
    <deleted>0</deleted>
    <verified>0</verified>
    <occluded>no</occluded>
    <date></date>
    <id>2</id>
    <parts>
      <hasparts></hasparts>
      <ispartof></ispartof>
    </parts>
    <type>bounding_box</type>
    <polygon>
      <pt>
        <x>0.00</x>
        <y>339.78</y>
      </pt>
      <pt>
        <x>404.59</x>
        <y>339.78</y>
      </pt>
      <pt>
        <x>404.59</x>
        <y>724.25</y>
      </pt>
      <pt>
        <x>0.00</x>
        <y>724.25</y>
      </pt>
      <username></username>
    </polygon>
    <attributes>rotation=0.0</attributes>
  </object>
  <object>
    <name>balloon</name>
    <deleted>0</deleted>
    <verified>0</verified>
    <occluded>no</occluded>
    <date></date>
    <id>3</id>
    <parts>
      <hasparts></hasparts>
      <ispartof></ispartof>
    </parts>
    <type>bounding_box</type>
    <polygon>
      <pt>
        <x>552.28</x>
        <y>365.41</y>
      </pt>
      <pt>
        <x>872.06</x>
        <y>365.41</y>
      </pt>
      <pt>
        <x>872.06</x>
        <y>707.16</y>
      </pt>
      <pt>
        <x>552.28</x>
        <y>707.16</y>
      </pt>
      <username></username>
    </polygon>
    <attributes>rotation=0.0</attributes>
  </object>
  <object>
    <name>balloon</name>
    <deleted>0</deleted>
    <verified>0</verified>
    <occluded>no</occluded>
    <date></date>
    <id>4</id>
    <parts>
      <hasparts></hasparts>
      <ispartof></ispartof>
    </parts>
    <type>bounding_box</type>
    <polygon>
      <pt>
        <x>453.41</x>
        <y>516.76</y>
      </pt>
      <pt>
        <x>608.42</x>
        <y>516.76</y>
      </pt>
      <pt>
        <x>608.42</x>
        <y>721.81</y>
      </pt>
      <pt>
        <x>453.41</x>
        <y>721.81</y>
      </pt>
      <username></username>
    </polygon>
    <attributes>rotation=0.0</attributes>
  </object>
</annotation>
