<annotation>
  <filename>485227412_e335662bb5_b.jpg</filename>
  <folder></folder>
  <source>
    <sourceImage></sourceImage>
    <sourceAnnotation>Datumaro</sourceAnnotation>
  </source>
  <imagesize>
    <nrows>768</nrows>
    <ncols>1024</ncols>
  </imagesize>
  <object>
    <name>balloon</name>
    <deleted>0</deleted>
    <verified>0</verified>
    <occluded>no</occluded>
    <date></date>
    <id>0</id>
    <parts>
      <hasparts></hasparts>
      <ispartof></ispartof>
    </parts>
    <type>bounding_box</type>
    <polygon>
      <pt>
        <x>492.60</x>
        <y>565.52</y>
      </pt>
      <pt>
        <x>673.61</x>
        <y>565.52</y>
      </pt>
      <pt>
        <x>673.61</x>
        <y>711.62</y>
      </pt>
      <pt>
        <x>492.60</x>
        <y>711.62</y>
      </pt>
      <username></username>
    </polygon>
    <attributes>rotation=0.0</attributes>
  </object>
</annotation>
