<annotation>
  <filename>4955354786_337a598e4a_b.jpg</filename>
  <folder></folder>
  <source>
    <sourceImage></sourceImage>
    <sourceAnnotation>Datumaro</sourceAnnotation>
  </source>
  <imagesize>
    <nrows>683</nrows>
    <ncols>1024</ncols>
  </imagesize>
  <object>
    <name>balloon</name>
    <deleted>0</deleted>
    <verified>0</verified>
    <occluded>no</occluded>
    <date></date>
    <id>0</id>
    <parts>
      <hasparts></hasparts>
      <ispartof></ispartof>
    </parts>
    <type>bounding_box</type>
    <polygon>
      <pt>
        <x>10.65</x>
        <y>345.36</y>
      </pt>
      <pt>
        <x>472.88</x>
        <y>345.36</y>
      </pt>
      <pt>
        <x>472.88</x>
        <y>678.82</y>
      </pt>
      <pt>
        <x>10.65</x>
        <y>678.82</y>
      </pt>
      <username></username>
    </polygon>
    <attributes>rotation=0.0</attributes>
  </object>
  <object>
    <name>balloon</name>
    <deleted>0</deleted>
    <verified>0</verified>
    <occluded>no</occluded>
    <date></date>
    <id>1</id>
    <parts>
      <hasparts></hasparts>
      <ispartof></ispartof>
    </parts>
    <type>bounding_box</type>
    <polygon>
      <pt>
        <x>248.66</x>
        <y>500.59</y>
      </pt>
      <pt>
        <x>945.46</x>
        <y>500.59</y>
      </pt>
      <pt>
        <x>945.46</x>
        <y>675.37</y>
      </pt>
      <pt>
        <x>248.66</x>
        <y>675.37</y>
      </pt>
      <username></username>
    </polygon>
    <attributes>rotation=0.0</attributes>
  </object>
  <object>
    <name>balloon</name>
    <deleted>0</deleted>
    <verified>0</verified>
    <occluded>no</occluded>
    <date></date>
    <id>2</id>
    <parts>
      <hasparts></hasparts>
      <ispartof></ispartof>
    </parts>
    <type>bounding_box</type>
    <polygon>
      <pt>
        <x>684.45</x>
        <y>393.66</y>
      </pt>
      <pt>
        <x>1024.00</x>
        <y>393.66</y>
      </pt>
      <pt>
        <x>1024.00</x>
        <y>681.12</y>
      </pt>
      <pt>
        <x>684.45</x>
        <y>681.12</y>
      </pt>
      <username></username>
    </polygon>
    <attributes>rotation=0.0</attributes>
  </object>
  <object>
    <name>balloon</name>
    <deleted>0</deleted>
    <verified>0</verified>
    <occluded>no</occluded>
    <date></date>
    <id>3</id>
    <parts>
      <hasparts></hasparts>
      <ispartof></ispartof>
    </parts>
    <type>bounding_box</type>
    <polygon>
      <pt>
        <x>470.58</x>
        <y>213.13</y>
      </pt>
      <pt>
        <x>1019.05</x>
        <y>213.13</y>
      </pt>
      <pt>
        <x>1019.05</x>
        <y>516.69</y>
      </pt>
      <pt>
        <x>470.58</x>
        <y>516.69</y>
      </pt>
      <username></username>
    </polygon>
    <attributes>rotation=0.0</attributes>
  </object>
  <object>
    <name>balloon</name>
    <deleted>0</deleted>
    <verified>0</verified>
    <occluded>no</occluded>
    <date></date>
    <id>4</id>
    <parts>
      <hasparts></hasparts>
      <ispartof></ispartof>
    </parts>
    <type>bounding_box</type>
    <polygon>
      <pt>
        <x>384.34</x>
        <y>234.98</y>
      </pt>
      <pt>
        <x>649.95</x>
        <y>234.98</y>
      </pt>
      <pt>
        <x>649.95</x>
        <y>484.49</y>
      </pt>
      <pt>
        <x>384.34</x>
        <y>484.49</y>
      </pt>
      <username></username>
    </polygon>
    <attributes>rotation=0.0</attributes>
  </object>
  <object>
    <name>balloon</name>
    <deleted>0</deleted>
    <verified>0</verified>
    <occluded>no</occluded>
    <date></date>
    <id>5</id>
    <parts>
      <hasparts></hasparts>
      <ispartof></ispartof>
    </parts>
    <type>bounding_box</type>
    <polygon>
      <pt>
        <x>6.05</x>
        <y>187.84</y>
      </pt>
      <pt>
        <x>214.17</x>
        <y>187.84</y>
      </pt>
      <pt>
        <x>214.17</x>
        <y>367.21</y>
      </pt>
      <pt>
        <x>6.05</x>
        <y>367.21</y>
      </pt>
      <username></username>
    </polygon>
    <attributes>rotation=0.0</attributes>
  </object>
  <object>
    <name>balloon</name>
    <deleted>0</deleted>
    <verified>0</verified>
    <occluded>no</occluded>
    <date></date>
    <id>6</id>
    <parts>
      <hasparts></hasparts>
      <ispartof></ispartof>
    </parts>
    <type>bounding_box</type>
    <polygon>
      <pt>
        <x>883.37</x>
        <y>164.84</y>
      </pt>
      <pt>
        <x>1022.50</x>
        <y>164.84</y>
      </pt>
      <pt>
        <x>1022.50</x>
        <y>299.37</y>
      </pt>
      <pt>
        <x>883.37</x>
        <y>299.37</y>
      </pt>
      <username></username>
    </polygon>
    <attributes>rotation=0.0</attributes>
  </object>
  <object>
    <name>balloon</name>
    <deleted>0</deleted>
    <verified>0</verified>
    <occluded>no</occluded>
    <date></date>
    <id>7</id>
    <parts>
      <hasparts></hasparts>
      <ispartof></ispartof>
    </parts>
    <type>bounding_box</type>
    <polygon>
      <pt>
        <x>751.14</x>
        <y>99.30</y>
      </pt>
      <pt>
        <x>1021.35</x>
        <y>99.30</y>
      </pt>
      <pt>
        <x>1021.35</x>
        <y>223.48</y>
      </pt>
      <pt>
        <x>751.14</x>
        <y>223.48</y>
      </pt>
      <username></username>
    </polygon>
    <attributes>rotation=0.0</attributes>
  </object>
  <object>
    <name>balloon</name>
    <deleted>0</deleted>
    <verified>0</verified>
    <occluded>no</occluded>
    <date></date>
    <id>8</id>
    <parts>
      <hasparts></hasparts>
      <ispartof></ispartof>
    </parts>
    <type>bounding_box</type>
    <polygon>
      <pt>
        <x>364.80</x>
        <y>153.34</y>
      </pt>
      <pt>
        <x>728.14</x>
        <y>153.34</y>
      </pt>
      <pt>
        <x>728.14</x>
        <y>329.27</y>
      </pt>
      <pt>
        <x>364.80</x>
        <y>329.27</y>
      </pt>
      <username></username>
    </polygon>
    <attributes>rotation=0.0</attributes>
  </object>
  <object>
    <name>balloon</name>
    <deleted>0</deleted>
    <verified>0</verified>
    <occluded>no</occluded>
    <date></date>
    <id>9</id>
    <parts>
      <hasparts></hasparts>
      <ispartof></ispartof>
    </parts>
    <type>bounding_box</type>
    <polygon>
      <pt>
        <x>486.68</x>
        <y>21.11</y>
      </pt>
      <pt>
        <x>769.54</x>
        <y>21.11</y>
      </pt>
      <pt>
        <x>769.54</x>
        <y>186.69</y>
      </pt>
      <pt>
        <x>486.68</x>
        <y>186.69</y>
      </pt>
      <username></username>
    </polygon>
    <attributes>rotation=0.0</attributes>
  </object>
  <object>
    <name>balloon</name>
    <deleted>0</deleted>
    <verified>0</verified>
    <occluded>no</occluded>
    <date></date>
    <id>10</id>
    <parts>
      <hasparts></hasparts>
      <ispartof></ispartof>
    </parts>
    <type>bounding_box</type>
    <polygon>
      <pt>
        <x>1.45</x>
        <y>60.21</y>
      </pt>
      <pt>
        <x>111.83</x>
        <y>60.21</y>
      </pt>
      <pt>
        <x>111.83</x>
        <y>167.14</y>
      </pt>
      <pt>
        <x>1.45</x>
        <y>167.14</y>
      </pt>
      <username></username>
    </polygon>
    <attributes>rotation=0.0</attributes>
  </object>
</annotation>
