<annotation>
  <filename>5253122239_38b1e7f61c_b.jpg</filename>
  <folder></folder>
  <source>
    <sourceImage></sourceImage>
    <sourceAnnotation>Datumaro</sourceAnnotation>
  </source>
  <imagesize>
    <nrows>768</nrows>
    <ncols>1024</ncols>
  </imagesize>
  <object>
    <name>balloon</name>
    <deleted>0</deleted>
    <verified>0</verified>
    <occluded>no</occluded>
    <date></date>
    <id>0</id>
    <parts>
      <hasparts></hasparts>
      <ispartof></ispartof>
    </parts>
    <type>bounding_box</type>
    <polygon>
      <pt>
        <x>202.98</x>
        <y>3.09</y>
      </pt>
      <pt>
        <x>403.39</x>
        <y>3.09</y>
      </pt>
      <pt>
        <x>403.39</x>
        <y>235.82</y>
      </pt>
      <pt>
        <x>202.98</x>
        <y>235.82</y>
      </pt>
      <username></username>
    </polygon>
    <attributes>rotation=0.0</attributes>
  </object>
  <object>
    <name>balloon</name>
    <deleted>0</deleted>
    <verified>0</verified>
    <occluded>no</occluded>
    <date></date>
    <id>1</id>
    <parts>
      <hasparts></hasparts>
      <ispartof></ispartof>
    </parts>
    <type>bounding_box</type>
    <polygon>
      <pt>
        <x>78.86</x>
        <y>22.49</y>
      </pt>
      <pt>
        <x>253.41</x>
        <y>22.49</y>
      </pt>
      <pt>
        <x>253.41</x>
        <y>240.99</y>
      </pt>
      <pt>
        <x>78.86</x>
        <y>240.99</y>
      </pt>
      <username></username>
    </polygon>
    <attributes>rotation=0.0</attributes>
  </object>
  <object>
    <name>balloon</name>
    <deleted>0</deleted>
    <verified>0</verified>
    <occluded>no</occluded>
    <date></date>
    <id>2</id>
    <parts>
      <hasparts></hasparts>
      <ispartof></ispartof>
    </parts>
    <type>bounding_box</type>
    <polygon>
      <pt>
        <x>429.24</x>
        <y>3.09</y>
      </pt>
      <pt>
        <x>491.30</x>
        <y>3.09</y>
      </pt>
      <pt>
        <x>491.30</x>
        <y>67.74</y>
      </pt>
      <pt>
        <x>429.24</x>
        <y>67.74</y>
      </pt>
      <username></username>
    </polygon>
    <attributes>rotation=0.0</attributes>
  </object>
  <object>
    <name>balloon</name>
    <deleted>0</deleted>
    <verified>0</verified>
    <occluded>no</occluded>
    <date></date>
    <id>3</id>
    <parts>
      <hasparts></hasparts>
      <ispartof></ispartof>
    </parts>
    <type>bounding_box</type>
    <polygon>
      <pt>
        <x>490.01</x>
        <y>0.00</y>
      </pt>
      <pt>
        <x>566.29</x>
        <y>0.00</y>
      </pt>
      <pt>
        <x>566.29</x>
        <y>78.08</y>
      </pt>
      <pt>
        <x>490.01</x>
        <y>78.08</y>
      </pt>
      <username></username>
    </polygon>
    <attributes>rotation=0.0</attributes>
  </object>
</annotation>
