<annotation>
  <filename>5674044810_2d9e2243ff_b.jpg</filename>
  <folder></folder>
  <source>
    <sourceImage></sourceImage>
    <sourceAnnotation>Datumaro</sourceAnnotation>
  </source>
  <imagesize>
    <nrows>1024</nrows>
    <ncols>818</ncols>
  </imagesize>
  <object>
    <name>balloon</name>
    <deleted>0</deleted>
    <verified>0</verified>
    <occluded>no</occluded>
    <date></date>
    <id>0</id>
    <parts>
      <hasparts></hasparts>
      <ispartof></ispartof>
    </parts>
    <type>bounding_box</type>
    <polygon>
      <pt>
        <x>353.74</x>
        <y>31.71</y>
      </pt>
      <pt>
        <x>450.45</x>
        <y>31.71</y>
      </pt>
      <pt>
        <x>450.45</x>
        <y>126.53</y>
      </pt>
      <pt>
        <x>353.74</x>
        <y>126.53</y>
      </pt>
      <username></username>
    </polygon>
    <attributes>rotation=0.0</attributes>
  </object>
  <object>
    <name>balloon</name>
    <deleted>0</deleted>
    <verified>0</verified>
    <occluded>no</occluded>
    <date></date>
    <id>1</id>
    <parts>
      <hasparts></hasparts>
      <ispartof></ispartof>
    </parts>
    <type>bounding_box</type>
    <polygon>
      <pt>
        <x>236.51</x>
        <y>28.26</y>
      </pt>
      <pt>
        <x>333.22</x>
        <y>28.26</y>
      </pt>
      <pt>
        <x>333.22</x>
        <y>128.25</y>
      </pt>
      <pt>
        <x>236.51</x>
        <y>128.25</y>
      </pt>
      <username></username>
    </polygon>
    <attributes>rotation=0.0</attributes>
  </object>
  <object>
    <name>balloon</name>
    <deleted>0</deleted>
    <verified>0</verified>
    <occluded>no</occluded>
    <date></date>
    <id>2</id>
    <parts>
      <hasparts></hasparts>
      <ispartof></ispartof>
    </parts>
    <type>bounding_box</type>
    <polygon>
      <pt>
        <x>708.86</x>
        <y>161.00</y>
      </pt>
      <pt>
        <x>818.00</x>
        <y>161.00</y>
      </pt>
      <pt>
        <x>818.00</x>
        <y>295.47</y>
      </pt>
      <pt>
        <x>708.86</x>
        <y>295.47</y>
      </pt>
      <username></username>
    </polygon>
    <attributes>rotation=0.0</attributes>
  </object>
</annotation>
