<annotation>
  <filename>7308740338_591f27b631_k.jpg</filename>
  <folder></folder>
  <source>
    <sourceImage></sourceImage>
    <sourceAnnotation>Datumaro</sourceAnnotation>
  </source>
  <imagesize>
    <nrows>1536</nrows>
    <ncols>2048</ncols>
  </imagesize>
  <object>
    <name>balloon</name>
    <deleted>0</deleted>
    <verified>0</verified>
    <occluded>no</occluded>
    <date></date>
    <id>0</id>
    <parts>
      <hasparts></hasparts>
      <ispartof></ispartof>
    </parts>
    <type>bounding_box</type>
    <polygon>
      <pt>
        <x>1088.64</x>
        <y>761.27</y>
      </pt>
      <pt>
        <x>1458.42</x>
        <y>761.27</y>
      </pt>
      <pt>
        <x>1458.42</x>
        <y>1063.81</y>
      </pt>
      <pt>
        <x>1088.64</x>
        <y>1063.81</y>
      </pt>
      <username></username>
    </polygon>
    <attributes>rotation=0.0</attributes>
  </object>
</annotation>
