<annotation>
  <filename>873768102_7d931e5fa3_b.jpg</filename>
  <folder></folder>
  <source>
    <sourceImage></sourceImage>
    <sourceAnnotation>Datumaro</sourceAnnotation>
  </source>
  <imagesize>
    <nrows>856</nrows>
    <ncols>1024</ncols>
  </imagesize>
  <object>
    <name>balloon</name>
    <deleted>0</deleted>
    <verified>0</verified>
    <occluded>no</occluded>
    <date></date>
    <id>0</id>
    <parts>
      <hasparts></hasparts>
      <ispartof></ispartof>
    </parts>
    <type>bounding_box</type>
    <polygon>
      <pt>
        <x>558.05</x>
        <y>20.67</y>
      </pt>
      <pt>
        <x>641.63</x>
        <y>20.67</y>
      </pt>
      <pt>
        <x>641.63</x>
        <y>130.34</y>
      </pt>
      <pt>
        <x>558.05</x>
        <y>130.34</y>
      </pt>
      <username></username>
    </polygon>
    <attributes>rotation=0.0</attributes>
  </object>
</annotation>
