<annotation>
  <filename>14666848163_8be8e37562_k.jpg</filename>
  <folder></folder>
  <source>
    <sourceImage></sourceImage>
    <sourceAnnotation>Datumaro</sourceAnnotation>
  </source>
  <imagesize>
    <nrows>2048</nrows>
    <ncols>1357</ncols>
  </imagesize>
  <object>
    <name>balloon</name>
    <deleted>0</deleted>
    <verified>0</verified>
    <occluded>no</occluded>
    <date></date>
    <id>0</id>
    <parts>
      <hasparts></hasparts>
      <ispartof></ispartof>
    </parts>
    <type>bounding_box</type>
    <polygon>
      <pt>
        <x>371.49</x>
        <y>253.23</y>
      </pt>
      <pt>
        <x>623.18</x>
        <y>253.23</y>
      </pt>
      <pt>
        <x>623.18</x>
        <y>587.67</y>
      </pt>
      <pt>
        <x>371.49</x>
        <y>587.67</y>
      </pt>
      <username></username>
    </polygon>
    <attributes>rotation=0.0</attributes>
  </object>
  <object>
    <name>balloon</name>
    <deleted>0</deleted>
    <verified>0</verified>
    <occluded>no</occluded>
    <date></date>
    <id>1</id>
    <parts>
      <hasparts></hasparts>
      <ispartof></ispartof>
    </parts>
    <type>bounding_box</type>
    <polygon>
      <pt>
        <x>188.76</x>
        <y>435.97</y>
      </pt>
      <pt>
        <x>471.48</x>
        <y>435.97</y>
      </pt>
      <pt>
        <x>471.48</x>
        <y>684.21</y>
      </pt>
      <pt>
        <x>188.76</x>
        <y>684.21</y>
      </pt>
      <username></username>
    </polygon>
    <attributes>rotation=0.0</attributes>
  </object>
  <object>
    <name>balloon</name>
    <deleted>0</deleted>
    <verified>0</verified>
    <occluded>no</occluded>
    <date></date>
    <id>2</id>
    <parts>
      <hasparts></hasparts>
      <ispartof></ispartof>
    </parts>
    <type>bounding_box</type>
    <polygon>
      <pt>
        <x>440.45</x>
        <y>473.55</y>
      </pt>
      <pt>
        <x>612.84</x>
        <y>473.55</y>
      </pt>
      <pt>
        <x>612.84</x>
        <y>673.87</y>
      </pt>
      <pt>
        <x>440.45</x>
        <y>673.87</y>
      </pt>
      <username></username>
    </polygon>
    <attributes>rotation=0.0</attributes>
  </object>
</annotation>
