<annotation>
  <filename>17156759330_5af4f5a5b8_k.jpg</filename>
  <folder></folder>
  <source>
    <sourceImage></sourceImage>
    <sourceAnnotation>Datumaro</sourceAnnotation>
  </source>
  <imagesize>
    <nrows>1363</nrows>
    <ncols>2048</ncols>
  </imagesize>
  <object>
    <name>balloon</name>
    <deleted>0</deleted>
    <verified>0</verified>
    <occluded>no</occluded>
    <date></date>
    <id>0</id>
    <parts>
      <hasparts></hasparts>
      <ispartof></ispartof>
    </parts>
    <type>bounding_box</type>
    <polygon>
      <pt>
        <x>69.52</x>
        <y>88.11</y>
      </pt>
      <pt>
        <x>941.47</x>
        <y>88.11</y>
      </pt>
      <pt>
        <x>941.47</x>
        <y>964.65</y>
      </pt>
      <pt>
        <x>69.52</x>
        <y>964.65</y>
      </pt>
      <username></username>
    </polygon>
    <attributes>rotation=0.0</attributes>
  </object>
</annotation>
