<annotation>
  <filename>25899693952_7c8b8b9edc_k.jpg</filename>
  <folder></folder>
  <source>
    <sourceImage></sourceImage>
    <sourceAnnotation>Datumaro</sourceAnnotation>
  </source>
  <imagesize>
    <nrows>1365</nrows>
    <ncols>2048</ncols>
  </imagesize>
  <object>
    <name>balloon</name>
    <deleted>0</deleted>
    <verified>0</verified>
    <occluded>no</occluded>
    <date></date>
    <id>0</id>
    <parts>
      <hasparts></hasparts>
      <ispartof></ispartof>
    </parts>
    <type>bounding_box</type>
    <polygon>
      <pt>
        <x>134.64</x>
        <y>115.80</y>
      </pt>
      <pt>
        <x>810.25</x>
        <y>115.80</y>
      </pt>
      <pt>
        <x>810.25</x>
        <y>961.45</y>
      </pt>
      <pt>
        <x>134.64</x>
        <y>961.45</y>
      </pt>
      <username></username>
    </polygon>
    <attributes>rotation=0.0</attributes>
  </object>
</annotation>
