<annotation>
  <filename>3646097131_e3e1215843_b.jpg</filename>
  <folder></folder>
  <source>
    <sourceImage></sourceImage>
    <sourceAnnotation>Datumaro</sourceAnnotation>
  </source>
  <imagesize>
    <nrows>681</nrows>
    <ncols>1024</ncols>
  </imagesize>
  <object>
    <name>balloon</name>
    <deleted>0</deleted>
    <verified>0</verified>
    <occluded>no</occluded>
    <date></date>
    <id>0</id>
    <parts>
      <hasparts></hasparts>
      <ispartof></ispartof>
    </parts>
    <type>bounding_box</type>
    <polygon>
      <pt>
        <x>501.67</x>
        <y>11.90</y>
      </pt>
      <pt>
        <x>877.71</x>
        <y>11.90</y>
      </pt>
      <pt>
        <x>877.71</x>
        <y>455.59</y>
      </pt>
      <pt>
        <x>501.67</x>
        <y>455.59</y>
      </pt>
      <username></username>
    </polygon>
    <attributes>rotation=0.0</attributes>
  </object>
</annotation>
