<annotation>
  <filename>489752654_777853a0ba_b.jpg</filename>
  <folder></folder>
  <source>
    <sourceImage></sourceImage>
    <sourceAnnotation>Datumaro</sourceAnnotation>
  </source>
  <imagesize>
    <nrows>803</nrows>
    <ncols>1024</ncols>
  </imagesize>
  <object>
    <name>balloon</name>
    <deleted>0</deleted>
    <verified>0</verified>
    <occluded>no</occluded>
    <date></date>
    <id>0</id>
    <parts>
      <hasparts></hasparts>
      <ispartof></ispartof>
    </parts>
    <type>bounding_box</type>
    <polygon>
      <pt>
        <x>284.93</x>
        <y>473.65</y>
      </pt>
      <pt>
        <x>360.64</x>
        <y>473.65</y>
      </pt>
      <pt>
        <x>360.64</x>
        <y>541.24</y>
      </pt>
      <pt>
        <x>284.93</x>
        <y>541.24</y>
      </pt>
      <username></username>
    </polygon>
    <attributes>rotation=0.0</attributes>
  </object>
  <object>
    <name>balloon</name>
    <deleted>0</deleted>
    <verified>0</verified>
    <occluded>no</occluded>
    <date></date>
    <id>1</id>
    <parts>
      <hasparts></hasparts>
      <ispartof></ispartof>
    </parts>
    <type>bounding_box</type>
    <polygon>
      <pt>
        <x>322.78</x>
        <y>397.95</y>
      </pt>
      <pt>
        <x>422.82</x>
        <y>397.95</y>
      </pt>
      <pt>
        <x>422.82</x>
        <y>477.71</y>
      </pt>
      <pt>
        <x>322.78</x>
        <y>477.71</y>
      </pt>
      <username></username>
    </polygon>
    <attributes>rotation=0.0</attributes>
  </object>
  <object>
    <name>balloon</name>
    <deleted>0</deleted>
    <verified>0</verified>
    <occluded>no</occluded>
    <date></date>
    <id>2</id>
    <parts>
      <hasparts></hasparts>
      <ispartof></ispartof>
    </parts>
    <type>bounding_box</type>
    <polygon>
      <pt>
        <x>393.08</x>
        <y>331.71</y>
      </pt>
      <pt>
        <x>499.88</x>
        <y>331.71</y>
      </pt>
      <pt>
        <x>499.88</x>
        <y>408.76</y>
      </pt>
      <pt>
        <x>393.08</x>
        <y>408.76</y>
      </pt>
      <username></username>
    </polygon>
    <attributes>rotation=0.0</attributes>
  </object>
  <object>
    <name>balloon</name>
    <deleted>0</deleted>
    <verified>0</verified>
    <occluded>no</occluded>
    <date></date>
    <id>3</id>
    <parts>
      <hasparts></hasparts>
      <ispartof></ispartof>
    </parts>
    <type>bounding_box</type>
    <polygon>
      <pt>
        <x>490.28</x>
        <y>354.69</y>
      </pt>
      <pt>
        <x>576.93</x>
        <y>354.69</y>
      </pt>
      <pt>
        <x>576.93</x>
        <y>438.50</y>
      </pt>
      <pt>
        <x>490.28</x>
        <y>438.50</y>
      </pt>
      <username></username>
    </polygon>
    <attributes>rotation=0.0</attributes>
  </object>
  <object>
    <name>balloon</name>
    <deleted>0</deleted>
    <verified>0</verified>
    <occluded>no</occluded>
    <date></date>
    <id>4</id>
    <parts>
      <hasparts></hasparts>
      <ispartof></ispartof>
    </parts>
    <type>bounding_box</type>
    <polygon>
      <pt>
        <x>580.85</x>
        <y>315.48</y>
      </pt>
      <pt>
        <x>659.40</x>
        <y>315.48</y>
      </pt>
      <pt>
        <x>659.40</x>
        <y>403.36</y>
      </pt>
      <pt>
        <x>580.85</x>
        <y>403.36</y>
      </pt>
      <username></username>
    </polygon>
    <attributes>rotation=0.0</attributes>
  </object>
  <object>
    <name>balloon</name>
    <deleted>0</deleted>
    <verified>0</verified>
    <occluded>no</occluded>
    <date></date>
    <id>5</id>
    <parts>
      <hasparts></hasparts>
      <ispartof></ispartof>
    </parts>
    <type>bounding_box</type>
    <polygon>
      <pt>
        <x>520.16</x>
        <y>268.17</y>
      </pt>
      <pt>
        <x>602.62</x>
        <y>268.17</y>
      </pt>
      <pt>
        <x>602.62</x>
        <y>354.69</y>
      </pt>
      <pt>
        <x>520.16</x>
        <y>354.69</y>
      </pt>
      <username></username>
    </polygon>
    <attributes>rotation=0.0</attributes>
  </object>
  <object>
    <name>balloon</name>
    <deleted>0</deleted>
    <verified>0</verified>
    <occluded>no</occluded>
    <date></date>
    <id>6</id>
    <parts>
      <hasparts></hasparts>
      <ispartof></ispartof>
    </parts>
    <type>bounding_box</type>
    <polygon>
      <pt>
        <x>414.71</x>
        <y>289.80</y>
      </pt>
      <pt>
        <x>518.80</x>
        <y>289.80</y>
      </pt>
      <pt>
        <x>518.80</x>
        <y>379.02</y>
      </pt>
      <pt>
        <x>414.71</x>
        <y>379.02</y>
      </pt>
      <username></username>
    </polygon>
    <attributes>rotation=0.0</attributes>
  </object>
  <object>
    <name>balloon</name>
    <deleted>0</deleted>
    <verified>0</verified>
    <occluded>no</occluded>
    <date></date>
    <id>7</id>
    <parts>
      <hasparts></hasparts>
      <ispartof></ispartof>
    </parts>
    <type>bounding_box</type>
    <polygon>
      <pt>
        <x>459.32</x>
        <y>241.13</y>
      </pt>
      <pt>
        <x>562.06</x>
        <y>241.13</y>
      </pt>
      <pt>
        <x>562.06</x>
        <y>283.04</y>
      </pt>
      <pt>
        <x>459.32</x>
        <y>283.04</y>
      </pt>
      <username></username>
    </polygon>
    <attributes>rotation=0.0</attributes>
  </object>
  <object>
    <name>balloon</name>
    <deleted>0</deleted>
    <verified>0</verified>
    <occluded>no</occluded>
    <date></date>
    <id>8</id>
    <parts>
      <hasparts></hasparts>
      <ispartof></ispartof>
    </parts>
    <type>bounding_box</type>
    <polygon>
      <pt>
        <x>560.71</x>
        <y>197.87</y>
      </pt>
      <pt>
        <x>640.47</x>
        <y>197.87</y>
      </pt>
      <pt>
        <x>640.47</x>
        <y>281.69</y>
      </pt>
      <pt>
        <x>560.71</x>
        <y>281.69</y>
      </pt>
      <username></username>
    </polygon>
    <attributes>rotation=0.0</attributes>
  </object>
  <object>
    <name>balloon</name>
    <deleted>0</deleted>
    <verified>0</verified>
    <occluded>no</occluded>
    <date></date>
    <id>9</id>
    <parts>
      <hasparts></hasparts>
      <ispartof></ispartof>
    </parts>
    <type>bounding_box</type>
    <polygon>
      <pt>
        <x>643.17</x>
        <y>241.13</y>
      </pt>
      <pt>
        <x>725.64</x>
        <y>241.13</y>
      </pt>
      <pt>
        <x>725.64</x>
        <y>324.95</y>
      </pt>
      <pt>
        <x>643.17</x>
        <y>324.95</y>
      </pt>
      <username></username>
    </polygon>
    <attributes>rotation=0.0</attributes>
  </object>
  <object>
    <name>balloon</name>
    <deleted>0</deleted>
    <verified>0</verified>
    <occluded>no</occluded>
    <date></date>
    <id>10</id>
    <parts>
      <hasparts></hasparts>
      <ispartof></ispartof>
    </parts>
    <type>bounding_box</type>
    <polygon>
      <pt>
        <x>595.72</x>
        <y>256.00</y>
      </pt>
      <pt>
        <x>652.64</x>
        <y>256.00</y>
      </pt>
      <pt>
        <x>652.64</x>
        <y>311.43</y>
      </pt>
      <pt>
        <x>595.72</x>
        <y>311.43</y>
      </pt>
      <username></username>
    </polygon>
    <attributes>rotation=0.0</attributes>
  </object>
  <object>
    <name>balloon</name>
    <deleted>0</deleted>
    <verified>0</verified>
    <occluded>no</occluded>
    <date></date>
    <id>11</id>
    <parts>
      <hasparts></hasparts>
      <ispartof></ispartof>
    </parts>
    <type>bounding_box</type>
    <polygon>
      <pt>
        <x>631.01</x>
        <y>165.43</y>
      </pt>
      <pt>
        <x>721.58</x>
        <y>165.43</y>
      </pt>
      <pt>
        <x>721.58</x>
        <y>243.84</y>
      </pt>
      <pt>
        <x>631.01</x>
        <y>243.84</y>
      </pt>
      <username></username>
    </polygon>
    <attributes>rotation=0.0</attributes>
  </object>
  <object>
    <name>balloon</name>
    <deleted>0</deleted>
    <verified>0</verified>
    <occluded>no</occluded>
    <date></date>
    <id>12</id>
    <parts>
      <hasparts></hasparts>
      <ispartof></ispartof>
    </parts>
    <type>bounding_box</type>
    <polygon>
      <pt>
        <x>722.93</x>
        <y>178.95</y>
      </pt>
      <pt>
        <x>795.93</x>
        <y>178.95</y>
      </pt>
      <pt>
        <x>795.93</x>
        <y>260.06</y>
      </pt>
      <pt>
        <x>722.93</x>
        <y>260.06</y>
      </pt>
      <username></username>
    </polygon>
    <attributes>rotation=0.0</attributes>
  </object>
  <object>
    <name>balloon</name>
    <deleted>0</deleted>
    <verified>0</verified>
    <occluded>no</occluded>
    <date></date>
    <id>13</id>
    <parts>
      <hasparts></hasparts>
      <ispartof></ispartof>
    </parts>
    <type>bounding_box</type>
    <polygon>
      <pt>
        <x>516.10</x>
        <y>170.84</y>
      </pt>
      <pt>
        <x>631.01</x>
        <y>170.84</y>
      </pt>
      <pt>
        <x>631.01</x>
        <y>246.54</y>
      </pt>
      <pt>
        <x>516.10</x>
        <y>246.54</y>
      </pt>
      <username></username>
    </polygon>
    <attributes>rotation=0.0</attributes>
  </object>
  <object>
    <name>balloon</name>
    <deleted>0</deleted>
    <verified>0</verified>
    <occluded>no</occluded>
    <date></date>
    <id>14</id>
    <parts>
      <hasparts></hasparts>
      <ispartof></ispartof>
    </parts>
    <type>bounding_box</type>
    <polygon>
      <pt>
        <x>580.99</x>
        <y>131.63</y>
      </pt>
      <pt>
        <x>678.32</x>
        <y>131.63</y>
      </pt>
      <pt>
        <x>678.32</x>
        <y>183.00</y>
      </pt>
      <pt>
        <x>580.99</x>
        <y>183.00</y>
      </pt>
      <username></username>
    </polygon>
    <attributes>rotation=0.0</attributes>
  </object>
  <object>
    <name>balloon</name>
    <deleted>0</deleted>
    <verified>0</verified>
    <occluded>no</occluded>
    <date></date>
    <id>15</id>
    <parts>
      <hasparts></hasparts>
      <ispartof></ispartof>
    </parts>
    <type>bounding_box</type>
    <polygon>
      <pt>
        <x>678.32</x>
        <y>104.60</y>
      </pt>
      <pt>
        <x>793.23</x>
        <y>104.60</y>
      </pt>
      <pt>
        <x>793.23</x>
        <y>193.82</y>
      </pt>
      <pt>
        <x>678.32</x>
        <y>193.82</y>
      </pt>
      <username></username>
    </polygon>
    <attributes>rotation=0.0</attributes>
  </object>
</annotation>
