<annotation>
  <filename>699765866_abaad7274d_b.jpg</filename>
  <folder></folder>
  <source>
    <sourceImage></sourceImage>
    <sourceAnnotation>Datumaro</sourceAnnotation>
  </source>
  <imagesize>
    <nrows>683</nrows>
    <ncols>1024</ncols>
  </imagesize>
  <object>
    <name>balloon</name>
    <deleted>0</deleted>
    <verified>0</verified>
    <occluded>no</occluded>
    <date></date>
    <id>0</id>
    <parts>
      <hasparts></hasparts>
      <ispartof></ispartof>
    </parts>
    <type>bounding_box</type>
    <polygon>
      <pt>
        <x>492.43</x>
        <y>306.27</y>
      </pt>
      <pt>
        <x>540.72</x>
        <y>306.27</y>
      </pt>
      <pt>
        <x>540.72</x>
        <y>363.76</y>
      </pt>
      <pt>
        <x>492.43</x>
        <y>363.76</y>
      </pt>
      <username></username>
    </polygon>
    <attributes>rotation=0.0</attributes>
  </object>
</annotation>
