<annotation>
  <filename>8436015314_3a678c1005_k.jpg</filename>
  <folder></folder>
  <source>
    <sourceImage></sourceImage>
    <sourceAnnotation>Datumaro</sourceAnnotation>
  </source>
  <imagesize>
    <nrows>1365</nrows>
    <ncols>2048</ncols>
  </imagesize>
  <object>
    <name>balloon</name>
    <deleted>0</deleted>
    <verified>0</verified>
    <occluded>no</occluded>
    <date></date>
    <id>0</id>
    <parts>
      <hasparts></hasparts>
      <ispartof></ispartof>
    </parts>
    <type>bounding_box</type>
    <polygon>
      <pt>
        <x>578.15</x>
        <y>446.71</y>
      </pt>
      <pt>
        <x>787.27</x>
        <y>446.71</y>
      </pt>
      <pt>
        <x>787.27</x>
        <y>669.61</y>
      </pt>
      <pt>
        <x>578.15</x>
        <y>669.61</y>
      </pt>
      <username></username>
    </polygon>
    <attributes>rotation=0.0</attributes>
  </object>
  <object>
    <name>balloon</name>
    <deleted>0</deleted>
    <verified>0</verified>
    <occluded>no</occluded>
    <date></date>
    <id>1</id>
    <parts>
      <hasparts></hasparts>
      <ispartof></ispartof>
    </parts>
    <type>bounding_box</type>
    <polygon>
      <pt>
        <x>775.78</x>
        <y>391.56</y>
      </pt>
      <pt>
        <x>987.19</x>
        <y>391.56</y>
      </pt>
      <pt>
        <x>987.19</x>
        <y>612.16</y>
      </pt>
      <pt>
        <x>775.78</x>
        <y>612.16</y>
      </pt>
      <username></username>
    </polygon>
    <attributes>rotation=0.0</attributes>
  </object>
  <object>
    <name>balloon</name>
    <deleted>0</deleted>
    <verified>0</verified>
    <occluded>no</occluded>
    <date></date>
    <id>2</id>
    <parts>
      <hasparts></hasparts>
      <ispartof></ispartof>
    </parts>
    <type>bounding_box</type>
    <polygon>
      <pt>
        <x>941.23</x>
        <y>170.95</y>
      </pt>
      <pt>
        <x>1171.03</x>
        <y>170.95</y>
      </pt>
      <pt>
        <x>1171.03</x>
        <y>405.34</y>
      </pt>
      <pt>
        <x>941.23</x>
        <y>405.34</y>
      </pt>
      <username></username>
    </polygon>
    <attributes>rotation=0.0</attributes>
  </object>
  <object>
    <name>balloon</name>
    <deleted>0</deleted>
    <verified>0</verified>
    <occluded>no</occluded>
    <date></date>
    <id>3</id>
    <parts>
      <hasparts></hasparts>
      <ispartof></ispartof>
    </parts>
    <type>bounding_box</type>
    <polygon>
      <pt>
        <x>987.19</x>
        <y>384.66</y>
      </pt>
      <pt>
        <x>1198.61</x>
        <y>384.66</y>
      </pt>
      <pt>
        <x>1198.61</x>
        <y>591.48</y>
      </pt>
      <pt>
        <x>987.19</x>
        <y>591.48</y>
      </pt>
      <username></username>
    </polygon>
    <attributes>rotation=0.0</attributes>
  </object>
  <object>
    <name>balloon</name>
    <deleted>0</deleted>
    <verified>0</verified>
    <occluded>no</occluded>
    <date></date>
    <id>4</id>
    <parts>
      <hasparts></hasparts>
      <ispartof></ispartof>
    </parts>
    <type>bounding_box</type>
    <polygon>
      <pt>
        <x>1053.83</x>
        <y>593.78</y>
      </pt>
      <pt>
        <x>1267.55</x>
        <y>593.78</y>
      </pt>
      <pt>
        <x>1267.55</x>
        <y>814.38</y>
      </pt>
      <pt>
        <x>1053.83</x>
        <y>814.38</y>
      </pt>
      <username></username>
    </polygon>
    <attributes>rotation=0.0</attributes>
  </object>
  <object>
    <name>balloon</name>
    <deleted>0</deleted>
    <verified>0</verified>
    <occluded>no</occluded>
    <date></date>
    <id>5</id>
    <parts>
      <hasparts></hasparts>
      <ispartof></ispartof>
    </parts>
    <type>bounding_box</type>
    <polygon>
      <pt>
        <x>812.55</x>
        <y>651.23</y>
      </pt>
      <pt>
        <x>1012.47</x>
        <y>651.23</y>
      </pt>
      <pt>
        <x>1012.47</x>
        <y>869.54</y>
      </pt>
      <pt>
        <x>812.55</x>
        <y>869.54</y>
      </pt>
      <username></username>
    </polygon>
    <attributes>rotation=0.0</attributes>
  </object>
</annotation>
