<annotation>
  <filename>9330497995_4cf0438cb6_k.jpg</filename>
  <folder></folder>
  <source>
    <sourceImage></sourceImage>
    <sourceAnnotation>Datumaro</sourceAnnotation>
  </source>
  <imagesize>
    <nrows>1421</nrows>
    <ncols>2048</ncols>
  </imagesize>
  <object>
    <name>balloon</name>
    <deleted>0</deleted>
    <verified>0</verified>
    <occluded>no</occluded>
    <date></date>
    <id>0</id>
    <parts>
      <hasparts></hasparts>
      <ispartof></ispartof>
    </parts>
    <type>bounding_box</type>
    <polygon>
      <pt>
        <x>1038.43</x>
        <y>292.77</y>
      </pt>
      <pt>
        <x>1256.13</x>
        <y>292.77</y>
      </pt>
      <pt>
        <x>1256.13</x>
        <y>646.82</y>
      </pt>
      <pt>
        <x>1038.43</x>
        <y>646.82</y>
      </pt>
      <username></username>
    </polygon>
    <attributes>rotation=0.0</attributes>
  </object>
  <object>
    <name>balloon</name>
    <deleted>0</deleted>
    <verified>0</verified>
    <occluded>no</occluded>
    <date></date>
    <id>1</id>
    <parts>
      <hasparts></hasparts>
      <ispartof></ispartof>
    </parts>
    <type>bounding_box</type>
    <polygon>
      <pt>
        <x>4.74</x>
        <y>0.91</y>
      </pt>
      <pt>
        <x>308.79</x>
        <y>0.91</y>
      </pt>
      <pt>
        <x>308.79</x>
        <y>534.38</y>
      </pt>
      <pt>
        <x>4.74</x>
        <y>534.38</y>
      </pt>
      <username></username>
    </polygon>
    <attributes>rotation=0.0</attributes>
  </object>
  <object>
    <name>balloon</name>
    <deleted>0</deleted>
    <verified>0</verified>
    <occluded>no</occluded>
    <date></date>
    <id>2</id>
    <parts>
      <hasparts></hasparts>
      <ispartof></ispartof>
    </parts>
    <type>bounding_box</type>
    <polygon>
      <pt>
        <x>1258.28</x>
        <y>7.10</y>
      </pt>
      <pt>
        <x>1648.46</x>
        <y>7.10</y>
      </pt>
      <pt>
        <x>1648.46</x>
        <y>333.43</y>
      </pt>
      <pt>
        <x>1258.28</x>
        <y>333.43</y>
      </pt>
      <username></username>
    </polygon>
    <attributes>rotation=0.0</attributes>
  </object>
</annotation>
